Weight_kg,BMI,Protein_Intake,Dietary_Habits,Recommended_Meal_Plan
66,24.84,105,Vegetarian,High-Protein Diet
114,38.99,69,Vegetarian,Balanced Diet
119,40.22,183,Vegetarian,High-Protein Diet
118,30.41,135,Vegetarian,High-Protein Diet
109,44.79,167,Regular,High-Protein Diet
99,27.71,75,Regular,Low-Fat Diet
61,15.4,178,Keto,Low-Carb Diet
96,31.71,75,Regular,Balanced Diet
116,44.2,113,Keto,Low-Fat Diet
114,39.45,166,Vegan,Low-Carb Diet
76,21.05,170,Regular,High-Protein Diet
97,38.37,55,Regular,Balanced Diet
111,44.46,159,Regular,Low-Carb Diet
93,34.58,111,Keto,Low-Fat Diet
68,29.82,115,Keto,Balanced Diet
108,35.67,76,Vegetarian,Low-Fat Diet
57,21.72,114,Regular,High-Protein Diet
104,31.05,79,Vegan,Balanced Diet
96,28.67,131,Regular,Low-Fat Diet
51,15.06,147,Regular,High-Protein Diet
88,25.17,114,Regular,Balanced Diet
94,40.69,156,Regular,High-Protein Diet
81,22.2,166,Regular,Low-Fat Diet
114,47.45,63,Regular,Low-Fat Diet
87,22.42,54,Keto,High-Protein Diet
60,15.3,168,Vegetarian,Balanced Diet
59,20.9,85,Vegan,Low-Fat Diet
108,46.75,175,Regular,Low-Carb Diet
104,37.29,145,Regular,High-Protein Diet
69,19.52,58,Regular,Low-Fat Diet
66,26.44,158,Regular,Low-Fat Diet
117,45.14,124,Regular,High-Protein Diet
54,22.77,95,Regular,High-Protein Diet
109,47.18,174,Vegetarian,Low-Carb Diet
72,28.12,154,Regular,High-Protein Diet
95,29.65,174,Regular,Low-Carb Diet
101,43.15,62,Regular,High-Protein Diet
59,24.88,110,Regular,Balanced Diet
95,42.22,79,Vegan,Balanced Diet
77,24.86,147,Vegetarian,High-Protein Diet
92,29.37,81,Vegetarian,Low-Fat Diet
75,23.67,131,Keto,Low-Fat Diet
104,37.29,105,Keto,High-Protein Diet
97,37.42,152,Regular,Balanced Diet
78,29.72,104,Regular,Low-Carb Diet
76,21.05,147,Vegetarian,Low-Fat Diet
67,29.38,185,Vegetarian,Low-Carb Diet
109,31.51,81,Vegetarian,High-Protein Diet
118,31.35,153,Vegetarian,Low-Carb Diet
70,25.71,127,Regular,Low-Carb Diet
73,18.81,118,Vegan,High-Protein Diet
52,17.37,168,Vegetarian,High-Protein Diet
111,32.79,56,Regular,Low-Carb Diet
51,17.44,69,Regular,Balanced Diet
115,33.6,111,Vegetarian,Low-Carb Diet
91,35.55,198,Regular,Low-Fat Diet
83,21.83,141,Regular,Balanced Diet
91,28.72,87,Regular,Low-Carb Diet
69,20.38,154,Vegan,Low-Fat Diet
117,30.15,180,Vegetarian,Balanced Diet
94,34.95,66,Regular,Low-Fat Diet
91,28.09,59,Regular,High-Protein Diet
96,26.32,86,Regular,Low-Carb Diet
54,14.96,176,Regular,High-Protein Diet
98,26.58,77,Keto,Balanced Diet
86,31.59,169,Keto,Low-Fat Diet
83,32.83,159,Regular,Low-Fat Diet
119,30.35,107,Vegan,High-Protein Diet
67,20.45,176,Keto,High-Protein Diet
68,29.82,159,Keto,Balanced Diet
89,29.74,187,Regular,Balanced Diet
66,22.31,185,Regular,Low-Carb Diet
109,47.8,65,Vegan,Balanced Diet
91,26.02,111,Vegetarian,Balanced Diet
114,35.19,158,Keto,Balanced Diet
102,28.55,138,Regular,Balanced Diet
56,18.29,150,Regular,High-Protein Diet
54,17.04,192,Vegan,High-Protein Diet
73,31.6,65,Vegan,Low-Fat Diet
77,28.98,76,Regular,Balanced Diet
111,36.66,96,Keto,High-Protein Diet
66,17.01,154,Keto,Low-Carb Diet
69,30.67,188,Regular,Low-Fat Diet
52,22.51,140,Keto,High-Protein Diet
86,28.08,58,Vegan,Balanced Diet
64,22.95,60,Keto,Balanced Diet
100,40.06,56,Vegetarian,Low-Fat Diet
97,27.74,77,Vegan,High-Protein Diet
57,19.27,111,Keto,Low-Fat Diet
62,21.45,164,Regular,Low-Carb Diet
97,43.11,122,Regular,Low-Fat Diet
52,17.99,148,Keto,Low-Fat Diet
114,36.8,100,Regular,Low-Carb Diet
80,21.93,97,Regular,Balanced Diet
75,31.22,117,Regular,Low-Carb Diet
105,28.19,59,Vegan,Balanced Diet
83,24.25,171,Vegan,Balanced Diet
58,18.51,75,Regular,Low-Carb Diet
111,29.49,176,Regular,Balanced Diet
62,22.5,194,Regular,High-Protein Diet
118,33.03,162,Vegetarian,High-Protein Diet
90,38.95,71,Keto,Low-Fat Diet
50,19.29,157,Regular,High-Protein Diet
96,27.16,85,Regular,Low-Fat Diet
53,20.45,82,Vegetarian,High-Protein Diet
112,49.12,144,Keto,High-Protein Diet
101,26.56,188,Keto,High-Protein Diet
59,20.18,142,Regular,High-Protein Diet
77,26.03,150,Keto,Balanced Diet
55,17.17,172,Regular,Low-Fat Diet
76,32.05,107,Regular,Low-Fat Diet
61,24.44,64,Keto,Balanced Diet
111,38.41,106,Regular,High-Protein Diet
101,39.45,177,Regular,Low-Carb Diet
97,40.9,128,Regular,Low-Carb Diet
116,34.26,120,Regular,Low-Carb Diet
95,30.67,107,Vegetarian,Low-Fat Diet
64,16.32,78,Regular,Balanced Diet
85,37.28,95,Regular,Low-Carb Diet
63,21.05,103,Vegetarian,High-Protein Diet
52,16.05,147,Vegetarian,Low-Fat Diet
116,35.02,134,Vegetarian,Low-Carb Diet
68,19.24,56,Vegetarian,Low-Fat Diet
103,32.15,78,Vegetarian,Balanced Diet
118,31.03,186,Regular,Low-Carb Diet
59,17.05,98,Vegan,Low-Carb Diet
82,26.17,120,Vegan,High-Protein Diet
62,19.14,127,Regular,Low-Fat Diet
100,39.06,143,Regular,Low-Carb Diet
81,27.38,137,Regular,High-Protein Diet
73,32.02,185,Keto,Balanced Diet
84,23.52,104,Vegetarian,Low-Carb Diet
119,32.96,173,Regular,Balanced Diet
89,28.73,133,Regular,Balanced Diet
103,30.42,144,Keto,Balanced Diet
93,40.79,64,Regular,High-Protein Diet
111,31.41,83,Keto,Low-Carb Diet
117,33.82,118,Vegan,Balanced Diet
82,28.37,61,Regular,Balanced Diet
105,44.27,103,Regular,Low-Carb Diet
85,22.58,199,Vegetarian,Balanced Diet
103,35.64,121,Regular,High-Protein Diet
68,21.46,109,Regular,Low-Fat Diet
92,32.21,77,Keto,Low-Fat Diet
61,17.44,198,Vegetarian,Balanced Diet
60,21.01,124,Regular,Low-Carb Diet
119,30.05,126,Regular,Low-Carb Diet
61,20.15,92,Regular,Low-Carb Diet
90,39.47,72,Regular,Low-Fat Diet
74,22.59,146,Vegan,Balanced Diet
52,16.98,166,Keto,Low-Carb Diet
52,21.64,139,Keto,Balanced Diet
77,21.33,146,Regular,High-Protein Diet
72,31.16,166,Regular,Low-Fat Diet
97,29.28,87,Regular,Balanced Diet
116,51.56,65,Regular,High-Protein Diet
91,38.37,123,Keto,Low-Fat Diet
89,33.91,161,Regular,Low-Carb Diet
55,19.49,90,Regular,High-Protein Diet
69,26.62,93,Vegan,Low-Fat Diet
60,15.46,66,Vegan,Balanced Diet
76,25.1,101,Regular,Low-Fat Diet
70,20.68,92,Regular,Low-Fat Diet
62,23.92,72,Regular,High-Protein Diet
84,26.22,50,Keto,High-Protein Diet
96,40.48,142,Regular,Low-Carb Diet
77,22.99,74,Keto,High-Protein Diet
70,23.94,55,Regular,Balanced Diet
67,18.96,103,Regular,High-Protein Diet
80,30.48,127,Keto,Balanced Diet
109,28.37,68,Regular,Balanced Diet
86,37.22,152,Vegetarian,Low-Fat Diet
70,24.51,87,Keto,High-Protein Diet
63,19.44,196,Vegetarian,Balanced Diet
109,45.96,156,Regular,Low-Fat Diet
72,24.06,178,Regular,Low-Fat Diet
78,21.84,170,Regular,Balanced Diet
96,28.98,147,Regular,High-Protein Diet
79,32.05,107,Keto,Low-Carb Diet
87,29.07,130,Regular,Balanced Diet
76,19.19,147,Keto,Low-Carb Diet
64,22.41,141,Regular,High-Protein Diet
108,39.67,150,Vegan,Low-Carb Diet
52,13.13,129,Vegetarian,Low-Fat Diet
59,22.76,75,Regular,Low-Carb Diet
66,25.15,184,Regular,Low-Carb Diet
60,15.94,93,Regular,Balanced Diet
97,26.59,191,Regular,Low-Carb Diet
54,15.28,101,Regular,Balanced Diet
118,38.97,154,Regular,Balanced Diet
113,29.72,124,Vegan,Balanced Diet
63,19.23,133,Regular,Balanced Diet
99,33.08,101,Regular,High-Protein Diet
75,19.33,163,Regular,Low-Carb Diet
118,30.72,111,Regular,Balanced Diet
56,15.03,125,Vegan,Low-Fat Diet
65,26.04,152,Regular,Balanced Diet
104,29.11,80,Regular,Balanced Diet
105,26.51,61,Regular,Low-Carb Diet
53,17.92,84,Regular,Low-Fat Diet
97,24.49,106,Regular,Low-Fat Diet
66,25.15,76,Vegetarian,High-Protein Diet
85,25.95,192,Vegetarian,Low-Carb Diet
119,30.05,120,Vegan,Low-Fat Diet
87,32.35,159,Keto,Balanced Diet
111,32.43,131,Keto,Low-Carb Diet
97,24.74,125,Regular,Low-Fat Diet
59,24.88,124,Vegetarian,Low-Carb Diet
85,29.07,52,Regular,Low-Carb Diet
78,28.65,150,Keto,High-Protein Diet
53,14.68,52,Regular,Balanced Diet
93,36.79,78,Regular,High-Protein Diet
105,35.08,103,Vegetarian,Low-Fat Diet
91,32.63,114,Vegetarian,Low-Fat Diet
62,15.81,198,Regular,High-Protein Diet
95,34.06,90,Vegetarian,Low-Carb Diet
82,33.69,69,Regular,Low-Fat Diet
70,29.9,109,Vegetarian,Balanced Diet
106,34.61,52,Keto,Balanced Diet
118,49.76,173,Keto,Balanced Diet
119,43.71,167,Regular,Low-Fat Diet
116,34.26,63,Keto,Low-Fat Diet
97,31.67,94,Vegetarian,Balanced Diet
82,29.4,158,Regular,High-Protein Diet
85,26.83,144,Vegan,Low-Fat Diet
82,27.72,186,Vegetarian,Balanced Diet
80,30.11,119,Regular,Balanced Diet
70,26.03,142,Regular,Low-Fat Diet
76,19.39,101,Vegan,High-Protein Diet
111,33.51,112,Keto,Balanced Diet
75,24.77,71,Keto,Low-Fat Diet
115,39.79,104,Vegetarian,Balanced Diet
61,22.14,162,Regular,Low-Carb Diet
71,24.0,159,Regular,Balanced Diet
66,17.9,52,Vegetarian,Low-Carb Diet
56,20.32,51,Vegetarian,High-Protein Diet
117,44.04,77,Vegetarian,Low-Carb Diet
86,27.14,58,Regular,High-Protein Diet
87,30.46,81,Keto,Balanced Diet
60,18.73,124,Regular,Low-Carb Diet
50,17.72,151,Keto,Low-Carb Diet
74,20.94,84,Vegetarian,Low-Carb Diet
91,34.67,96,Keto,High-Protein Diet
101,36.21,195,Keto,Low-Fat Diet
73,24.68,85,Vegetarian,Low-Carb Diet
102,26.82,196,Vegetarian,Balanced Diet
105,31.7,172,Keto,Balanced Diet
112,31.69,109,Regular,Low-Fat Diet
57,15.96,170,Vegan,Low-Fat Diet
108,38.72,144,Regular,Low-Carb Diet
94,37.65,72,Keto,Balanced Diet
76,22.94,171,Vegetarian,High-Protein Diet
101,30.83,164,Keto,Low-Carb Diet
67,24.31,126,Regular,Low-Carb Diet
65,23.03,85,Keto,Balanced Diet
115,37.13,146,Keto,High-Protein Diet
54,22.48,162,Vegetarian,Low-Carb Diet
52,15.36,186,Keto,Low-Carb Diet
119,34.4,163,Vegetarian,Balanced Diet
56,16.72,70,Keto,Low-Fat Diet
99,34.66,115,Vegetarian,High-Protein Diet
63,20.81,93,Regular,Low-Fat Diet
87,37.17,170,Regular,High-Protein Diet
96,37.97,129,Vegan,Balanced Diet
82,32.44,192,Vegetarian,Low-Fat Diet
92,30.74,65,Keto,Low-Fat Diet
78,26.99,95,Regular,Balanced Diet
106,41.41,152,Regular,High-Protein Diet
54,17.43,114,Keto,High-Protein Diet
109,40.04,68,Keto,Low-Fat Diet
119,38.86,139,Regular,High-Protein Diet
51,15.92,86,Keto,Low-Carb Diet
119,30.35,102,Keto,Balanced Diet
92,33.79,96,Keto,Low-Fat Diet
53,21.78,180,Keto,High-Protein Diet
105,38.57,137,Regular,Low-Fat Diet
108,31.9,135,Vegan,Low-Fat Diet
58,21.3,111,Keto,High-Protein Diet
52,14.56,178,Vegan,High-Protein Diet
97,37.42,88,Regular,Balanced Diet
92,27.17,122,Regular,Low-Carb Diet
50,12.75,72,Keto,Low-Fat Diet
106,36.68,98,Regular,Low-Fat Diet
102,25.76,174,Regular,Low-Carb Diet
65,17.63,98,Regular,Balanced Diet
100,29.22,187,Keto,Low-Carb Diet
104,26.8,145,Vegan,High-Protein Diet
50,18.14,115,Regular,High-Protein Diet
77,23.5,120,Regular,Low-Fat Diet
102,28.25,116,Regular,High-Protein Diet
107,44.54,88,Regular,Low-Carb Diet
109,36.42,149,Keto,Low-Carb Diet
108,34.87,50,Regular,Low-Fat Diet
71,24.86,173,Regular,Balanced Diet
57,18.83,80,Regular,Balanced Diet
98,42.98,146,Vegan,Low-Fat Diet
91,36.45,159,Regular,High-Protein Diet
76,24.26,181,Vegan,Low-Fat Diet
88,25.17,102,Regular,Balanced Diet
74,32.03,152,Keto,Balanced Diet
87,30.46,142,Vegetarian,Low-Fat Diet
73,30.39,127,Vegetarian,Low-Carb Diet
73,20.65,54,Vegan,Low-Fat Diet
109,32.91,101,Regular,High-Protein Diet
99,44.0,194,Regular,Low-Fat Diet
115,33.24,81,Regular,Balanced Diet
63,26.22,183,Vegan,Balanced Diet
102,27.1,142,Vegetarian,Low-Carb Diet
81,24.19,174,Regular,Low-Fat Diet
97,25.25,141,Vegetarian,High-Protein Diet
88,32.72,187,Regular,Low-Carb Diet
89,23.65,162,Regular,Low-Carb Diet
91,29.71,110,Regular,Low-Fat Diet
57,21.45,196,Regular,High-Protein Diet
75,30.82,181,Regular,Balanced Diet
61,16.04,133,Keto,Low-Carb Diet
92,28.4,95,Regular,High-Protein Diet
100,33.41,111,Regular,Low-Carb Diet
112,34.57,141,Vegetarian,Balanced Diet
98,30.93,103,Regular,Balanced Diet
76,20.83,173,Keto,Low-Carb Diet
58,17.7,149,Regular,Low-Fat Diet
88,31.93,116,Vegetarian,Balanced Diet
114,42.91,73,Vegan,Low-Carb Diet
56,15.68,115,Regular,Low-Carb Diet
116,33.89,67,Regular,Low-Fat Diet
59,15.2,145,Vegetarian,High-Protein Diet
102,34.08,97,Keto,High-Protein Diet
106,28.16,97,Regular,Low-Carb Diet
76,24.54,111,Regular,Low-Carb Diet
103,34.02,111,Keto,Low-Carb Diet
53,16.18,151,Regular,Low-Carb Diet
72,25.82,174,Regular,Low-Carb Diet
97,25.51,151,Regular,Low-Fat Diet
91,32.63,127,Regular,Low-Fat Diet
52,15.03,114,Vegetarian,High-Protein Diet
52,16.98,101,Regular,Low-Carb Diet
77,30.84,50,Regular,High-Protein Diet
112,33.08,89,Regular,Balanced Diet
80,32.46,121,Regular,Low-Carb Diet
59,20.66,194,Regular,High-Protein Diet
98,26.86,50,Vegan,Low-Fat Diet
70,23.94,127,Keto,High-Protein Diet
102,36.14,116,Regular,Balanced Diet
103,32.15,71,Keto,Balanced Diet
106,33.83,84,Keto,Balanced Diet
69,20.38,105,Vegetarian,Low-Fat Diet
98,26.58,175,Regular,Low-Carb Diet
56,21.87,191,Vegetarian,Low-Carb Diet
78,24.07,94,Keto,Low-Fat Diet
97,24.74,135,Regular,Low-Carb Diet
62,15.98,82,Regular,Balanced Diet
52,14.71,189,Regular,High-Protein Diet
51,14.9,186,Regular,Low-Fat Diet
65,20.29,179,Regular,High-Protein Diet
55,18.59,108,Keto,Balanced Diet
94,33.3,144,Vegetarian,Low-Fat Diet
54,20.83,78,Vegan,Low-Fat Diet
105,39.04,104,Regular,Low-Fat Diet
81,25.0,143,Regular,Low-Carb Diet
98,26.58,199,Regular,High-Protein Diet
62,17.92,168,Regular,High-Protein Diet
79,22.84,154,Vegetarian,High-Protein Diet
74,27.51,189,Keto,High-Protein Diet
109,34.4,185,Regular,Low-Carb Diet
108,27.27,65,Regular,Low-Carb Diet
77,20.89,113,Regular,Low-Carb Diet
107,34.94,59,Keto,High-Protein Diet
69,18.52,125,Regular,Low-Carb Diet
83,36.4,170,Keto,High-Protein Diet
54,18.91,134,Keto,Low-Carb Diet
109,40.53,105,Vegetarian,High-Protein Diet
92,39.3,122,Vegan,Balanced Diet
106,36.25,62,Vegetarian,Low-Carb Diet
106,26.77,113,Keto,Balanced Diet
103,29.45,164,Keto,Low-Fat Diet
94,31.77,101,Vegetarian,Low-Carb Diet
86,28.08,163,Keto,Balanced Diet
97,37.89,103,Keto,Balanced Diet
103,32.88,106,Regular,Balanced Diet
97,42.54,67,Vegetarian,Low-Fat Diet
55,22.31,74,Regular,Low-Carb Diet
83,26.2,69,Vegetarian,Low-Fat Diet
112,43.75,60,Keto,High-Protein Diet
97,28.04,139,Regular,High-Protein Diet
72,25.82,136,Regular,High-Protein Diet
62,15.66,105,Regular,Low-Fat Diet
96,36.13,82,Vegan,Low-Carb Diet
93,36.79,147,Regular,High-Protein Diet
81,23.92,75,Regular,Low-Fat Diet
75,30.04,152,Vegetarian,Low-Carb Diet
102,30.13,118,Regular,High-Protein Diet
63,24.61,78,Keto,Balanced Diet
101,27.11,158,Regular,Low-Fat Diet
85,32.79,109,Regular,Balanced Diet
57,24.67,156,Regular,Low-Fat Diet
89,25.18,170,Vegetarian,Balanced Diet
71,26.72,61,Keto,Low-Fat Diet
65,20.75,142,Vegetarian,Low-Fat Diet
109,42.58,88,Regular,Low-Carb Diet
109,30.84,196,Vegetarian,Balanced Diet
59,19.49,196,Keto,Low-Fat Diet
74,25.61,78,Regular,Balanced Diet
80,31.64,139,Keto,High-Protein Diet
70,18.99,150,Regular,Low-Carb Diet
82,30.49,161,Vegan,Low-Fat Diet
80,28.34,125,Vegetarian,High-Protein Diet
70,18.04,69,Vegan,Balanced Diet
85,29.07,146,Keto,Balanced Diet
114,39.45,58,Keto,High-Protein Diet
53,14.23,51,Vegan,Low-Fat Diet
117,35.71,83,Vegetarian,Low-Carb Diet
53,13.38,70,Vegetarian,Low-Carb Diet
58,19.61,132,Regular,High-Protein Diet
79,30.1,130,Vegetarian,High-Protein Diet
94,39.64,182,Vegetarian,Low-Carb Diet
53,22.64,134,Regular,Balanced Diet
118,37.66,71,Vegetarian,Balanced Diet
72,27.1,133,Vegetarian,Low-Carb Diet
65,26.37,94,Regular,High-Protein Diet
71,28.44,132,Keto,Balanced Diet
97,28.65,82,Regular,Low-Fat Diet
111,32.08,84,Regular,Low-Carb Diet
109,37.72,95,Regular,Low-Fat Diet
54,19.36,176,Vegetarian,Balanced Diet
56,16.91,155,Regular,Low-Fat Diet
100,40.57,157,Vegetarian,Low-Fat Diet
114,29.08,132,Regular,High-Protein Diet
58,21.05,149,Regular,Balanced Diet
94,25.5,156,Regular,Low-Fat Diet
96,29.63,75,Keto,Low-Fat Diet
116,34.64,184,Regular,Low-Carb Diet
73,30.39,136,Keto,High-Protein Diet
59,20.18,182,Vegetarian,Low-Carb Diet
97,36.51,166,Regular,Low-Carb Diet
84,36.36,128,Regular,Balanced Diet
103,39.74,130,Vegetarian,Low-Fat Diet
65,18.99,133,Regular,Low-Fat Diet
102,39.35,161,Regular,Low-Carb Diet
89,23.65,172,Regular,Low-Carb Diet
69,30.26,174,Regular,Low-Fat Diet
118,51.75,171,Regular,Low-Fat Diet
94,34.95,129,Vegan,Low-Fat Diet
55,18.59,177,Keto,Low-Fat Diet
118,37.24,127,Keto,Low-Fat Diet
98,35.56,123,Vegetarian,Balanced Diet
88,26.86,90,Regular,Balanced Diet
51,20.96,135,Regular,Balanced Diet
88,27.46,115,Keto,Low-Fat Diet
70,22.34,56,Regular,Low-Fat Diet
89,33.5,172,Vegan,High-Protein Diet
103,27.65,176,Keto,Balanced Diet
61,19.04,79,Vegetarian,Balanced Diet
86,31.21,196,Vegetarian,High-Protein Diet
87,26.56,87,Vegetarian,High-Protein Diet
64,16.83,194,Regular,Balanced Diet
56,23.31,150,Vegan,Balanced Diet
99,33.08,128,Regular,Balanced Diet
114,47.45,151,Regular,Low-Carb Diet
116,37.45,148,Vegetarian,Balanced Diet
93,33.35,53,Regular,Balanced Diet
80,26.73,178,Keto,Balanced Diet
92,26.59,134,Vegan,High-Protein Diet
97,32.41,159,Regular,Low-Carb Diet
110,31.46,199,Regular,Balanced Diet
59,17.62,182,Regular,Balanced Diet
78,21.84,85,Keto,Balanced Diet
97,25.25,151,Regular,High-Protein Diet
111,41.27,186,Regular,Balanced Diet
62,24.22,159,Regular,Balanced Diet
93,31.8,106,Keto,Low-Fat Diet
96,32.08,155,Vegetarian,Low-Fat Diet
113,50.22,158,Vegetarian,High-Protein Diet
102,36.57,133,Regular,High-Protein Diet
93,24.97,139,Keto,High-Protein Diet
77,29.71,181,Vegetarian,High-Protein Diet
51,13.83,100,Regular,High-Protein Diet
106,33.83,133,Regular,Low-Fat Diet
106,29.67,155,Regular,Low-Fat Diet
83,34.11,120,Vegan,High-Protein Diet
107,36.17,104,Keto,High-Protein Diet
101,34.95,157,Regular,Low-Fat Diet
78,23.29,80,Regular,Low-Fat Diet
84,32.81,99,Keto,Low-Fat Diet
97,33.17,185,Vegetarian,Low-Fat Diet
82,22.48,136,Regular,High-Protein Diet
58,17.13,161,Regular,Low-Fat Diet
97,30.61,192,Regular,High-Protein Diet
116,31.8,114,Regular,Balanced Diet
85,27.13,59,Vegetarian,Low-Fat Diet
93,33.35,137,Regular,Low-Carb Diet
109,41.03,128,Regular,Balanced Diet
112,40.16,162,Keto,Low-Fat Diet
54,17.24,198,Vegan,High-Protein Diet
89,29.74,73,Keto,Low-Fat Diet
68,27.59,118,Keto,Balanced Diet
96,26.32,82,Regular,High-Protein Diet
114,30.29,85,Keto,Low-Fat Diet
116,47.06,139,Keto,Low-Fat Diet
67,28.62,115,Regular,Low-Fat Diet
99,31.96,80,Regular,Low-Fat Diet
79,23.08,153,Regular,Low-Carb Diet
115,48.49,132,Keto,Low-Carb Diet
54,16.3,170,Vegetarian,Low-Fat Diet
91,23.21,169,Regular,High-Protein Diet
54,16.12,116,Regular,High-Protein Diet
99,30.9,136,Regular,Balanced Diet
107,43.41,178,Vegetarian,Balanced Diet
57,16.13,120,Keto,High-Protein Diet
80,20.82,135,Vegan,Low-Carb Diet
61,19.92,132,Regular,Balanced Diet
70,20.23,143,Regular,Balanced Diet
111,33.15,186,Regular,Low-Carb Diet
82,33.69,148,Regular,Low-Carb Diet
75,21.0,190,Regular,Balanced Diet
89,28.41,141,Keto,High-Protein Diet
114,32.25,105,Vegan,Low-Carb Diet
108,30.56,88,Regular,Balanced Diet
64,20.43,180,Regular,High-Protein Diet
50,18.82,102,Keto,High-Protein Diet
60,15.15,111,Vegetarian,High-Protein Diet
104,29.74,154,Vegetarian,Low-Fat Diet
51,21.79,118,Regular,Balanced Diet
114,31.25,181,Vegetarian,Low-Fat Diet
93,33.35,108,Regular,Low-Fat Diet
65,17.45,194,Regular,Balanced Diet
71,18.29,199,Regular,Low-Fat Diet
67,22.13,80,Vegan,Low-Carb Diet
96,39.45,98,Vegetarian,Low-Carb Diet
79,22.59,162,Vegetarian,High-Protein Diet
59,18.83,159,Regular,High-Protein Diet
107,45.12,87,Regular,Balanced Diet
111,48.04,98,Regular,Balanced Diet
55,14.77,149,Keto,Low-Carb Diet
116,35.8,72,Regular,Low-Carb Diet
90,23.43,133,Regular,Balanced Diet
92,25.22,76,Keto,High-Protein Diet
67,23.46,130,Regular,Low-Fat Diet
107,37.91,191,Regular,High-Protein Diet
109,28.09,180,Regular,Low-Carb Diet
76,29.69,153,Regular,Low-Carb Diet
117,32.75,76,Regular,High-Protein Diet
71,30.73,63,Vegan,Balanced Diet
73,24.68,74,Vegan,High-Protein Diet
89,36.57,101,Regular,High-Protein Diet
115,38.87,189,Keto,High-Protein Diet
89,36.57,72,Regular,Low-Carb Diet
55,14.46,196,Vegan,High-Protein Diet
67,20.01,169,Keto,High-Protein Diet
79,21.66,50,Vegetarian,High-Protein Diet
70,24.8,175,Regular,High-Protein Diet
111,44.46,182,Vegetarian,Balanced Diet
59,15.2,199,Regular,Low-Fat Diet
62,22.23,51,Regular,Balanced Diet
58,16.07,184,Vegetarian,Low-Fat Diet
117,30.15,161,Vegetarian,Low-Carb Diet
88,23.38,70,Keto,Low-Fat Diet
73,20.01,120,Vegan,High-Protein Diet
83,27.41,108,Regular,Balanced Diet
110,41.4,58,Regular,Low-Carb Diet
90,24.16,169,Vegetarian,High-Protein Diet
54,17.84,122,Regular,High-Protein Diet
99,35.08,164,Regular,High-Protein Diet
53,15.0,189,Keto,High-Protein Diet
100,37.18,149,Regular,Low-Fat Diet
101,37.1,122,Regular,Balanced Diet
88,28.41,187,Vegetarian,Balanced Diet
57,15.96,162,Regular,High-Protein Diet
94,37.18,123,Keto,High-Protein Diet
77,32.89,66,Vegetarian,Low-Carb Diet
76,26.93,53,Regular,Balanced Diet
114,36.39,113,Regular,Low-Fat Diet
83,28.72,193,Vegetarian,High-Protein Diet
111,28.89,98,Keto,Low-Carb Diet
111,41.78,149,Regular,Low-Carb Diet
87,26.26,55,Keto,High-Protein Diet
75,19.33,153,Vegan,Balanced Diet
73,28.88,58,Keto,Low-Fat Diet
88,31.18,107,Vegetarian,Low-Fat Diet
70,21.85,81,Vegan,Low-Carb Diet
96,32.83,79,Regular,Low-Carb Diet
97,41.98,94,Vegan,Low-Carb Diet
62,17.92,163,Regular,Low-Carb Diet
52,14.4,199,Vegan,Low-Carb Diet
81,29.04,80,Vegan,Low-Fat Diet
84,32.81,177,Vegan,Low-Fat Diet
68,17.52,66,Keto,High-Protein Diet
63,27.63,162,Vegetarian,Low-Carb Diet
97,37.42,174,Vegetarian,Balanced Diet
117,48.7,103,Regular,Balanced Diet
94,25.5,128,Vegetarian,Low-Fat Diet
68,19.04,96,Keto,Low-Carb Diet
113,30.34,188,Keto,Low-Carb Diet
115,36.3,194,Regular,Low-Carb Diet
115,35.89,125,Regular,High-Protein Diet
94,41.23,164,Regular,Low-Carb Diet
116,46.47,164,Keto,Low-Fat Diet
118,30.72,75,Regular,High-Protein Diet
52,22.81,117,Keto,Low-Fat Diet
87,27.46,196,Regular,Low-Fat Diet
91,27.47,62,Regular,Low-Fat Diet
89,35.2,78,Regular,Low-Fat Diet
99,29.56,103,Vegetarian,Low-Fat Diet
84,22.55,122,Vegetarian,Low-Carb Diet
73,29.62,70,Vegetarian,High-Protein Diet
66,19.08,58,Regular,Low-Fat Diet
89,26.87,97,Keto,High-Protein Diet
115,29.94,134,Regular,Low-Carb Diet
93,38.71,182,Regular,Low-Carb Diet
72,19.33,121,Regular,Low-Carb Diet
55,15.4,64,Keto,Low-Carb Diet
115,30.56,126,Keto,Low-Fat Diet
70,24.8,146,Vegan,High-Protein Diet
84,25.64,172,Vegan,Low-Carb Diet
78,25.18,81,Regular,Balanced Diet
56,24.89,85,Regular,Balanced Diet
102,27.67,195,Vegetarian,Low-Fat Diet
86,25.96,189,Vegetarian,Low-Carb Diet
72,20.16,136,Keto,High-Protein Diet
57,17.4,175,Keto,Balanced Diet
97,40.9,179,Keto,Low-Fat Diet
59,21.41,135,Regular,High-Protein Diet
73,29.62,118,Regular,Low-Fat Diet
96,26.32,194,Vegetarian,Low-Fat Diet
102,30.46,92,Keto,Low-Carb Diet
88,35.25,195,Regular,Low-Fat Diet
116,39.21,80,Keto,Low-Fat Diet
115,33.97,112,Vegan,Low-Carb Diet
55,13.89,77,Regular,Low-Carb Diet
70,28.76,186,Regular,Balanced Diet
85,31.6,146,Regular,Low-Fat Diet
52,18.21,77,Regular,Low-Carb Diet
91,22.98,195,Regular,High-Protein Diet
94,31.05,192,Regular,High-Protein Diet
93,40.25,54,Keto,High-Protein Diet
82,21.56,90,Vegetarian,Low-Fat Diet
109,36.42,159,Vegetarian,Low-Carb Diet
119,35.53,125,Regular,High-Protein Diet
75,19.72,166,Regular,Balanced Diet
70,23.94,115,Regular,Balanced Diet
51,19.92,122,Vegan,High-Protein Diet
96,24.74,160,Regular,Balanced Diet
79,32.05,169,Regular,High-Protein Diet
76,21.5,176,Vegetarian,Balanced Diet
69,18.72,193,Vegan,Low-Fat Diet
99,29.24,106,Vegetarian,Balanced Diet
72,18.37,114,Regular,Low-Carb Diet
62,16.31,96,Regular,High-Protein Diet
53,15.16,191,Regular,Low-Fat Diet
63,25.56,89,Regular,High-Protein Diet
69,19.94,97,Regular,Balanced Diet
62,20.02,88,Regular,Balanced Diet
52,16.6,150,Regular,Low-Fat Diet
96,26.87,169,Vegetarian,Low-Carb Diet
52,15.53,92,Regular,High-Protein Diet
50,15.26,93,Keto,Low-Carb Diet
73,27.14,127,Regular,Balanced Diet
84,22.55,125,Regular,Balanced Diet
63,22.86,157,Regular,Low-Carb Diet
116,35.02,180,Keto,Balanced Diet
62,16.14,56,Regular,Low-Fat Diet
96,25.25,134,Keto,Balanced Diet
99,36.36,107,Keto,Low-Fat Diet
75,23.67,140,Regular,High-Protein Diet
52,20.83,187,Vegetarian,Balanced Diet
100,30.19,59,Vegan,High-Protein Diet
89,22.7,83,Regular,Balanced Diet
117,36.93,109,Regular,High-Protein Diet
85,32.39,179,Regular,Low-Fat Diet
100,34.6,94,Regular,Low-Fat Diet
50,17.3,54,Vegetarian,Low-Fat Diet
82,34.58,75,Regular,Balanced Diet
56,22.15,128,Regular,High-Protein Diet
101,42.04,75,Regular,Low-Fat Diet
60,22.86,141,Regular,High-Protein Diet
76,33.78,134,Vegan,High-Protein Diet
63,22.06,71,Regular,Low-Fat Diet
95,24.73,196,Regular,Low-Fat Diet
59,15.52,59,Regular,High-Protein Diet
73,29.62,91,Keto,Low-Fat Diet
110,43.51,148,Regular,Low-Carb Diet
67,26.84,124,Keto,High-Protein Diet
58,14.79,130,Regular,Balanced Diet
66,18.28,156,Keto,Low-Carb Diet
107,46.31,81,Regular,Balanced Diet
62,24.22,116,Regular,Low-Fat Diet
99,38.19,169,Vegan,Low-Fat Diet
55,21.76,151,Vegan,Low-Fat Diet
100,33.03,163,Regular,Balanced Diet
85,21.68,72,Regular,Low-Carb Diet
74,18.88,99,Keto,High-Protein Diet
60,19.82,114,Regular,Low-Carb Diet
93,36.33,67,Regular,Balanced Diet
63,18.41,165,Regular,Low-Fat Diet
78,22.07,182,Regular,Low-Carb Diet
99,32.33,148,Regular,High-Protein Diet
54,20.32,167,Regular,High-Protein Diet
118,33.39,145,Regular,Low-Carb Diet
106,29.67,82,Regular,Low-Fat Diet
75,33.33,91,Regular,Balanced Diet
55,23.5,131,Regular,High-Protein Diet
65,20.29,128,Vegetarian,High-Protein Diet
109,42.05,140,Keto,Balanced Diet
61,18.02,170,Regular,Low-Carb Diet
52,19.81,73,Vegetarian,Low-Fat Diet
112,34.57,175,Regular,Low-Fat Diet
113,32.31,52,Regular,High-Protein Diet
111,30.11,120,Regular,Low-Fat Diet
55,18.59,189,Regular,Balanced Diet
68,29.05,82,Keto,Low-Carb Diet
67,24.61,71,Keto,Low-Fat Diet
92,37.8,63,Regular,Balanced Diet
52,17.78,174,Vegetarian,Low-Fat Diet
87,27.46,103,Regular,Balanced Diet
117,45.7,80,Keto,Balanced Diet
93,28.08,118,Regular,Low-Fat Diet
112,35.35,148,Vegetarian,Low-Fat Diet
91,25.75,194,Vegetarian,Low-Carb Diet
113,43.59,145,Regular,Low-Carb Diet
103,42.32,164,Regular,Balanced Diet
86,24.33,181,Vegetarian,Low-Fat Diet
53,14.53,59,Keto,Low-Fat Diet
51,13.14,168,Keto,Low-Fat Diet
93,30.37,150,Regular,Low-Carb Diet
116,32.47,186,Regular,Balanced Diet
117,46.87,199,Vegetarian,Low-Fat Diet
111,30.75,198,Regular,Low-Fat Diet
50,14.93,176,Vegetarian,Low-Carb Diet
66,17.54,72,Regular,Balanced Diet
65,24.77,110,Regular,Low-Fat Diet
58,16.95,189,Regular,High-Protein Diet
102,33.69,144,Regular,Low-Fat Diet
108,36.09,171,Regular,Balanced Diet
58,15.57,194,Vegan,Low-Carb Diet
61,22.14,153,Vegetarian,Low-Fat Diet
90,39.47,158,Regular,High-Protein Diet
64,24.39,70,Keto,High-Protein Diet
115,35.49,96,Keto,Low-Fat Diet
60,18.94,146,Regular,Balanced Diet
57,14.39,192,Regular,Low-Fat Diet
104,33.2,108,Regular,High-Protein Diet
55,17.76,192,Regular,High-Protein Diet
102,37.92,78,Regular,Low-Fat Diet
69,21.3,60,Vegetarian,Balanced Diet
88,24.64,78,Regular,High-Protein Diet
83,30.86,164,Vegan,Balanced Diet
106,32.0,135,Vegetarian,High-Protein Diet
68,23.81,138,Vegetarian,Low-Carb Diet
80,21.93,134,Regular,Balanced Diet
89,34.34,163,Regular,Low-Carb Diet
63,18.21,105,Vegetarian,Low-Fat Diet
86,34.45,52,Vegetarian,Low-Carb Diet
93,31.44,62,Vegan,Balanced Diet
58,23.53,119,Regular,Low-Fat Diet
107,32.66,60,Regular,High-Protein Diet
69,17.78,169,Vegetarian,Balanced Diet
99,37.26,105,Keto,Low-Fat Diet
69,22.28,194,Vegetarian,High-Protein Diet
85,28.08,58,Regular,Balanced Diet
76,28.96,172,Vegetarian,Balanced Diet
81,28.03,171,Keto,Low-Fat Diet
50,13.29,132,Regular,Low-Carb Diet
66,20.37,128,Regular,Low-Fat Diet
58,16.76,68,Regular,Balanced Diet
94,24.22,146,Regular,Low-Fat Diet
115,31.2,53,Vegetarian,Low-Fat Diet
81,34.15,96,Vegetarian,Low-Fat Diet
94,35.82,148,Regular,Low-Fat Diet
58,18.51,182,Vegetarian,Low-Carb Diet
79,21.43,173,Regular,Low-Fat Diet
87,28.74,82,Regular,Low-Carb Diet
109,32.2,97,Regular,Low-Fat Diet
50,13.02,175,Regular,Low-Carb Diet
54,15.28,161,Vegetarian,Low-Fat Diet
112,46.02,128,Vegetarian,Low-Carb Diet
85,24.31,150,Vegetarian,Balanced Diet
114,34.8,96,Regular,Low-Fat Diet
73,31.6,186,Vegetarian,Low-Carb Diet
53,14.08,154,Regular,High-Protein Diet
117,33.1,96,Regular,High-Protein Diet
74,21.39,137,Regular,Low-Carb Diet
56,14.14,131,Regular,High-Protein Diet
62,21.2,66,Vegetarian,High-Protein Diet
117,47.47,178,Vegan,High-Protein Diet
92,33.39,104,Regular,Low-Carb Diet
106,34.22,60,Regular,High-Protein Diet
85,25.66,82,Vegetarian,Balanced Diet
63,16.57,113,Regular,Balanced Diet
76,27.58,107,Regular,Low-Fat Diet
86,23.57,157,Regular,High-Protein Diet
74,28.55,197,Keto,Balanced Diet
116,29.89,67,Vegetarian,Balanced Diet
53,13.94,127,Keto,Balanced Diet
65,20.98,172,Regular,Low-Carb Diet
68,17.52,92,Regular,Low-Carb Diet
78,31.64,197,Vegetarian,Low-Fat Diet
100,33.8,106,Keto,High-Protein Diet
67,18.37,67,Vegetarian,Balanced Diet
107,27.29,194,Regular,Balanced Diet
93,29.35,109,Keto,Low-Carb Diet
65,16.41,138,Regular,Low-Fat Diet
114,39.91,54,Vegetarian,Low-Carb Diet
51,18.73,183,Keto,Low-Fat Diet
105,38.1,167,Regular,High-Protein Diet
77,28.28,149,Vegan,Low-Fat Diet
114,40.39,64,Regular,Low-Fat Diet
54,21.91,88,Regular,High-Protein Diet
71,20.3,137,Vegan,Low-Fat Diet
62,17.73,198,Keto,High-Protein Diet
114,35.98,62,Regular,High-Protein Diet
65,18.01,78,Keto,Low-Fat Diet
113,33.02,147,Regular,Low-Carb Diet
81,26.45,54,Regular,Low-Carb Diet
100,30.86,70,Keto,Low-Fat Diet
107,28.73,186,Keto,Low-Fat Diet
95,36.65,116,Keto,Balanced Diet
101,36.65,162,Regular,Low-Fat Diet
112,41.64,99,Keto,Low-Carb Diet
109,43.66,66,Keto,Low-Carb Diet
114,32.25,102,Vegetarian,Balanced Diet
104,28.51,171,Regular,Balanced Diet
106,27.31,124,Regular,Balanced Diet
75,28.93,50,Vegetarian,Balanced Diet
61,18.62,192,Vegetarian,Low-Carb Diet
95,31.38,51,Keto,Balanced Diet
96,27.16,61,Keto,Balanced Diet
87,31.2,91,Regular,Balanced Diet
70,26.03,51,Vegetarian,Low-Fat Diet
63,19.23,66,Regular,Low-Fat Diet
51,21.23,90,Regular,Low-Carb Diet
119,31.95,133,Regular,Balanced Diet
82,22.24,157,Keto,High-Protein Diet
55,16.25,114,Keto,Balanced Diet
86,25.68,169,Vegetarian,Low-Carb Diet
63,18.02,64,Regular,Balanced Diet
86,36.26,158,Regular,Balanced Diet
57,20.44,147,Regular,Balanced Diet
62,22.77,114,Keto,Balanced Diet
89,36.11,58,Regular,Low-Carb Diet
107,35.34,138,Regular,Low-Fat Diet
67,20.45,173,Regular,Low-Fat Diet
106,34.61,127,Vegetarian,Low-Fat Diet
87,29.75,196,Regular,Low-Carb Diet
81,25.0,154,Regular,Balanced Diet
115,31.2,80,Keto,Low-Fat Diet
74,29.27,149,Regular,Balanced Diet
107,41.28,57,Keto,Low-Carb Diet
82,26.17,161,Regular,High-Protein Diet
115,47.87,81,Vegetarian,Balanced Diet
79,27.66,96,Vegetarian,Balanced Diet
83,35.0,57,Keto,Low-Carb Diet
118,39.89,53,Keto,Balanced Diet
97,38.86,85,Vegetarian,High-Protein Diet
89,28.09,75,Regular,High-Protein Diet
100,36.73,82,Regular,Low-Fat Diet
62,16.31,186,Regular,Low-Fat Diet
80,27.36,96,Regular,Low-Carb Diet
88,35.7,194,Regular,High-Protein Diet
112,39.21,64,Keto,Low-Fat Diet
97,36.51,103,Keto,High-Protein Diet
97,27.44,190,Vegetarian,Low-Fat Diet
110,31.8,93,Vegetarian,Low-Carb Diet
61,15.4,52,Vegan,Low-Fat Diet
105,31.35,105,Regular,Low-Fat Diet
67,26.17,103,Vegetarian,Low-Fat Diet
76,21.28,189,Regular,Balanced Diet
77,23.25,142,Vegan,Low-Fat Diet
101,31.17,177,Regular,Low-Carb Diet
65,17.45,114,Regular,Balanced Diet
107,31.95,145,Vegetarian,Low-Carb Diet
58,14.65,86,Regular,Low-Carb Diet
75,30.82,197,Regular,Low-Fat Diet
77,19.64,86,Regular,Low-Carb Diet
85,28.73,74,Regular,Balanced Diet
58,15.25,99,Regular,Low-Fat Diet
96,39.45,158,Keto,Balanced Diet
100,33.03,98,Vegan,Low-Carb Diet
106,45.88,57,Keto,High-Protein Diet
81,23.16,143,Keto,Balanced Diet
116,40.61,170,Vegan,Low-Carb Diet
106,31.65,140,Vegetarian,Balanced Diet
103,26.27,163,Regular,High-Protein Diet
65,17.45,62,Vegetarian,Low-Fat Diet
111,29.8,70,Regular,Balanced Diet
105,32.77,122,Vegan,Low-Carb Diet
72,26.13,82,Vegetarian,High-Protein Diet
66,26.11,50,Vegetarian,High-Protein Diet
87,25.7,121,Vegan,Low-Fat Diet
79,27.66,52,Regular,Balanced Diet
107,38.37,191,Regular,Low-Carb Diet
71,18.86,191,Keto,High-Protein Diet
66,17.72,171,Regular,High-Protein Diet
64,20.66,82,Regular,Low-Carb Diet
97,24.74,53,Keto,Low-Carb Diet
81,23.67,87,Vegetarian,Low-Fat Diet
89,30.08,96,Keto,Low-Fat Diet
106,32.36,190,Keto,Low-Fat Diet
107,42.32,168,Regular,Low-Fat Diet
65,25.39,166,Regular,High-Protein Diet
77,22.02,74,Regular,Low-Carb Diet
50,20.81,151,Regular,High-Protein Diet
90,24.93,92,Regular,Low-Carb Diet
97,25.25,84,Keto,Low-Carb Diet
80,23.89,142,Regular,High-Protein Diet
85,24.84,99,Vegetarian,High-Protein Diet
82,23.7,127,Keto,Low-Fat Diet
82,29.76,83,Keto,High-Protein Diet
72,20.16,141,Vegetarian,Low-Carb Diet
109,30.51,143,Regular,Low-Fat Diet
79,30.48,115,Keto,Balanced Diet
94,32.53,134,Regular,Low-Carb Diet
88,24.64,83,Regular,Low-Fat Diet
94,33.3,125,Vegan,Low-Fat Diet
61,26.4,176,Regular,Low-Fat Diet
81,29.04,174,Keto,High-Protein Diet
105,37.2,144,Regular,High-Protein Diet
73,19.0,161,Keto,High-Protein Diet
62,25.81,128,Vegetarian,Balanced Diet
69,25.34,59,Regular,Balanced Diet
105,42.6,85,Regular,Low-Fat Diet
102,26.28,186,Vegetarian,Balanced Diet
117,41.95,135,Regular,Balanced Diet
103,26.54,102,Regular,Low-Carb Diet
83,22.52,110,Regular,High-Protein Diet
77,21.79,101,Keto,Low-Carb Diet
99,25.25,145,Regular,Low-Carb Diet
51,13.01,124,Regular,Balanced Diet
75,28.93,180,Regular,Low-Fat Diet
100,26.57,190,Vegetarian,Low-Fat Diet
96,37.97,157,Regular,Low-Carb Diet
75,30.82,190,Regular,Low-Carb Diet
110,28.93,169,Regular,Low-Carb Diet
72,32.0,170,Keto,Balanced Diet
86,21.94,110,Vegan,Low-Carb Diet
90,26.3,73,Keto,High-Protein Diet
101,34.95,197,Regular,Low-Carb Diet
98,28.33,123,Keto,Low-Carb Diet
76,25.39,146,Regular,Low-Carb Diet
55,18.17,84,Vegan,High-Protein Diet
115,47.26,127,Vegan,Balanced Diet
73,20.01,129,Regular,High-Protein Diet
87,31.57,79,Vegan,High-Protein Diet
77,24.3,132,Vegetarian,High-Protein Diet
77,24.03,90,Keto,Low-Fat Diet
115,47.26,151,Vegan,Low-Carb Diet
110,33.21,57,Keto,High-Protein Diet
95,39.04,133,Vegetarian,Balanced Diet
118,39.43,180,Regular,Low-Carb Diet
92,35.94,114,Regular,Low-Fat Diet
108,43.26,134,Regular,Low-Fat Diet
51,19.68,170,Vegan,Low-Fat Diet
64,18.9,163,Regular,Low-Fat Diet
86,36.74,179,Regular,Low-Fat Diet
69,20.16,193,Vegetarian,Low-Carb Diet
84,26.81,186,Vegetarian,Low-Fat Diet
83,31.63,145,Keto,Low-Carb Diet
80,27.04,160,Keto,High-Protein Diet
68,24.09,88,Regular,Low-Fat Diet
117,32.07,168,Regular,Low-Fat Diet
73,21.1,143,Regular,Balanced Diet
88,24.9,187,Keto,Low-Carb Diet
103,34.41,112,Regular,Low-Carb Diet
88,32.32,144,Keto,Low-Fat Diet
66,19.93,157,Regular,Balanced Diet
68,26.23,75,Regular,Balanced Diet
97,28.96,179,Vegetarian,High-Protein Diet
84,34.52,78,Regular,Balanced Diet
81,31.64,157,Regular,Low-Carb Diet
96,29.63,70,Regular,High-Protein Diet
96,30.3,76,Vegetarian,Low-Fat Diet
113,43.06,83,Regular,Balanced Diet
95,29.32,72,Regular,Low-Fat Diet
84,36.84,127,Vegetarian,Low-Fat Diet
66,18.67,118,Keto,High-Protein Diet
91,33.83,166,Regular,High-Protein Diet
78,30.47,122,Keto,Balanced Diet
119,35.53,94,Regular,Low-Carb Diet
66,18.67,112,Regular,Balanced Diet
63,26.91,57,Vegan,High-Protein Diet
73,28.52,184,Regular,Low-Carb Diet
106,33.46,79,Regular,Low-Fat Diet
99,43.42,61,Regular,Low-Carb Diet
106,38.93,69,Vegetarian,Balanced Diet
110,31.12,169,Vegetarian,High-Protein Diet
88,33.53,61,Keto,Low-Carb Diet
104,30.06,133,Vegetarian,High-Protein Diet
85,30.85,71,Regular,High-Protein Diet
86,29.76,94,Vegetarian,Low-Carb Diet
63,16.91,75,Regular,Balanced Diet
76,26.93,158,Regular,Low-Carb Diet
80,32.87,160,Regular,Low-Carb Diet
93,26.59,156,Regular,Balanced Diet
117,47.47,77,Regular,Balanced Diet
97,36.96,122,Keto,High-Protein Diet
106,30.64,51,Regular,High-Protein Diet
71,31.14,155,Keto,High-Protein Diet
53,14.68,77,Regular,High-Protein Diet
95,37.11,126,Regular,Low-Fat Diet
108,36.09,191,Keto,High-Protein Diet
83,34.55,156,Regular,High-Protein Diet
60,19.59,174,Vegan,Balanced Diet
80,32.87,127,Regular,Low-Fat Diet
60,16.98,116,Regular,Low-Carb Diet
105,37.2,197,Keto,Low-Fat Diet
87,36.21,84,Regular,High-Protein Diet
70,18.99,69,Regular,Low-Fat Diet
59,18.62,162,Regular,Low-Fat Diet
75,20.35,105,Regular,Balanced Diet
57,16.13,157,Vegan,Low-Carb Diet
57,25.0,52,Regular,High-Protein Diet
109,38.62,117,Vegetarian,Balanced Diet
83,35.46,188,Vegetarian,Low-Fat Diet
65,27.06,111,Vegetarian,Balanced Diet
62,15.81,154,Vegan,Low-Fat Diet
71,20.52,110,Regular,Low-Fat Diet
76,24.26,170,Regular,Low-Carb Diet
113,35.27,78,Keto,Low-Fat Diet
51,20.96,133,Regular,Low-Fat Diet
75,30.04,137,Vegan,Low-Carb Diet
118,38.97,136,Regular,Balanced Diet
79,23.85,71,Regular,High-Protein Diet
57,25.33,90,Keto,High-Protein Diet
87,36.21,159,Vegetarian,Balanced Diet
110,39.44,112,Vegetarian,Low-Carb Diet
114,45.09,174,Regular,Balanced Diet
116,37.03,161,Keto,High-Protein Diet
95,37.11,154,Regular,Balanced Diet
92,27.77,184,Vegetarian,Balanced Diet
108,48.0,157,Vegetarian,High-Protein Diet
95,36.2,150,Vegetarian,Balanced Diet
84,24.28,78,Regular,Low-Carb Diet
88,30.81,116,Vegan,High-Protein Diet
100,44.44,152,Vegan,High-Protein Diet
53,22.94,129,Regular,High-Protein Diet
100,35.86,199,Vegetarian,Balanced Diet
54,14.96,134,Regular,High-Protein Diet
104,39.14,135,Regular,Low-Carb Diet
69,21.3,186,Vegan,Low-Fat Diet
73,23.57,136,Keto,Balanced Diet
85,30.85,177,Vegan,Balanced Diet
83,21.83,163,Regular,Low-Carb Diet
103,32.51,85,Regular,Low-Carb Diet
83,24.25,54,Regular,High-Protein Diet
66,19.08,53,Regular,Balanced Diet
54,17.63,73,Vegetarian,High-Protein Diet
67,24.31,156,Regular,Balanced Diet
104,35.57,63,Regular,Low-Fat Diet
102,33.69,61,Regular,Balanced Diet
99,43.42,131,Vegan,Low-Carb Diet
94,32.15,93,Keto,High-Protein Diet
62,26.14,186,Regular,Balanced Diet
65,27.77,115,Keto,High-Protein Diet
62,18.12,145,Vegetarian,Balanced Diet
69,28.72,126,Regular,High-Protein Diet
115,39.79,106,Regular,Balanced Diet
96,36.58,179,Keto,High-Protein Diet
68,19.66,174,Vegan,Low-Fat Diet
94,31.05,161,Regular,Low-Fat Diet
86,28.08,151,Vegetarian,High-Protein Diet
103,29.14,132,Regular,Low-Carb Diet
55,19.26,195,Vegetarian,High-Protein Diet
63,19.02,157,Vegetarian,Low-Fat Diet
53,19.95,115,Regular,Low-Carb Diet
104,30.39,113,Keto,Low-Carb Diet
83,30.12,102,Regular,High-Protein Diet
76,26.3,167,Vegetarian,Low-Fat Diet
56,14.73,78,Keto,Balanced Diet
52,19.1,171,Regular,Low-Carb Diet
96,25.25,160,Keto,High-Protein Diet
51,18.73,121,Regular,Low-Fat Diet
74,25.91,63,Vegetarian,Low-Fat Diet
109,34.4,117,Regular,High-Protein Diet
73,23.3,92,Regular,High-Protein Diet
64,25.96,162,Regular,Balanced Diet
63,21.05,78,Regular,Low-Carb Diet
103,44.58,106,Regular,Low-Fat Diet
55,18.17,167,Regular,Low-Carb Diet
67,23.74,82,Vegetarian,Balanced Diet
69,20.83,70,Regular,Low-Carb Diet
111,48.68,162,Regular,Balanced Diet
89,33.09,178,Vegetarian,High-Protein Diet
88,30.09,51,Regular,Low-Carb Diet
101,39.95,113,Regular,Balanced Diet
81,29.04,175,Vegetarian,Low-Carb Diet
76,25.99,167,Vegan,Balanced Diet
101,26.56,123,Vegetarian,Low-Fat Diet
112,28.57,123,Regular,Low-Fat Diet
112,36.16,178,Regular,Low-Carb Diet
66,25.15,190,Regular,High-Protein Diet
98,29.59,92,Regular,Low-Carb Diet
72,30.36,90,Vegetarian,Low-Carb Diet
62,20.24,138,Regular,Balanced Diet
72,27.43,126,Regular,Low-Fat Diet
106,34.22,191,Keto,Low-Fat Diet
111,41.78,90,Regular,Low-Carb Diet
103,34.41,55,Vegan,Low-Fat Diet
69,29.86,95,Vegan,Low-Carb Diet
101,26.29,178,Vegetarian,Balanced Diet
72,18.37,78,Vegan,Balanced Diet
84,26.22,172,Keto,Low-Carb Diet
116,34.26,136,Regular,Balanced Diet
83,21.39,180,Regular,Low-Fat Diet
82,30.86,109,Vegan,Balanced Diet
95,36.65,191,Vegetarian,Low-Fat Diet
94,30.0,147,Keto,Low-Fat Diet
68,18.26,72,Regular,Balanced Diet
64,20.2,59,Keto,High-Protein Diet
115,31.2,53,Regular,Balanced Diet
88,31.93,88,Vegan,Low-Fat Diet
67,18.76,162,Regular,Balanced Diet
119,30.35,137,Keto,Low-Carb Diet
108,37.37,83,Vegetarian,Balanced Diet
81,27.38,169,Vegan,Balanced Diet
70,24.51,74,Regular,Balanced Diet
89,34.77,64,Vegetarian,Balanced Diet
76,22.69,61,Regular,High-Protein Diet
51,20.17,178,Regular,Balanced Diet
88,34.81,155,Vegetarian,Low-Fat Diet
105,28.48,169,Regular,Low-Carb Diet
62,25.81,186,Regular,Low-Fat Diet
105,30.68,108,Vegetarian,High-Protein Diet
115,38.42,191,Vegan,High-Protein Diet
105,40.51,154,Regular,Balanced Diet
77,20.89,80,Regular,Low-Fat Diet
113,38.2,102,Regular,Low-Carb Diet
113,36.48,187,Regular,High-Protein Diet
105,27.9,155,Keto,Low-Fat Diet
90,26.01,195,Vegetarian,Low-Fat Diet
90,37.46,116,Regular,Low-Fat Diet
53,23.56,108,Regular,Balanced Diet
106,44.12,125,Vegetarian,Balanced Diet
79,19.95,148,Regular,Balanced Diet
95,32.49,157,Vegetarian,Low-Carb Diet
105,29.09,72,Vegetarian,High-Protein Diet
80,26.73,135,Keto,High-Protein Diet
56,18.5,95,Regular,Balanced Diet
103,38.3,189,Keto,Balanced Diet
57,18.61,78,Keto,Low-Fat Diet
104,42.19,137,Vegetarian,High-Protein Diet
118,39.43,108,Regular,Balanced Diet
93,23.96,102,Keto,Low-Fat Diet
62,17.73,117,Regular,Balanced Diet
69,28.72,150,Vegetarian,Low-Carb Diet
81,23.92,78,Keto,High-Protein Diet
109,29.88,52,Regular,Low-Carb Diet
99,44.0,144,Regular,Balanced Diet
76,19.99,138,Vegetarian,Balanced Diet
74,21.62,160,Vegetarian,High-Protein Diet
101,38.96,112,Regular,Low-Carb Diet
117,33.46,72,Regular,Low-Fat Diet
70,27.34,135,Keto,Low-Fat Diet
67,25.85,164,Regular,Balanced Diet
88,24.12,126,Keto,High-Protein Diet
64,16.16,180,Vegan,Low-Fat Diet
102,28.86,159,Regular,Balanced Diet
87,35.75,199,Keto,Low-Fat Diet
97,37.89,162,Keto,Low-Carb Diet
101,29.51,85,Keto,Low-Carb Diet
77,23.77,187,Regular,High-Protein Diet
65,19.62,169,Regular,High-Protein Diet
65,24.77,58,Vegan,Balanced Diet
84,30.12,105,Keto,Low-Carb Diet
66,18.28,196,Keto,Balanced Diet
101,33.75,121,Vegetarian,Low-Carb Diet
61,24.44,82,Regular,Low-Fat Diet
97,29.94,197,Regular,Low-Fat Diet
71,19.67,84,Vegetarian,Low-Carb Diet
98,38.76,172,Vegetarian,Balanced Diet
101,44.3,80,Regular,Balanced Diet
50,14.3,168,Regular,Balanced Diet
115,42.76,95,Keto,Low-Fat Diet
113,48.91,127,Keto,Low-Fat Diet
57,15.46,59,Keto,Low-Carb Diet
74,22.84,116,Regular,Low-Carb Diet
115,47.87,168,Vegetarian,High-Protein Diet
119,51.51,100,Regular,Low-Fat Diet
100,39.06,88,Regular,Low-Fat Diet
102,37.92,189,Vegetarian,Low-Carb Diet
64,17.0,116,Vegetarian,High-Protein Diet
99,31.6,139,Regular,Low-Carb Diet
87,34.41,170,Keto,Low-Fat Diet
89,25.45,179,Regular,High-Protein Diet
115,29.94,61,Regular,Low-Carb Diet
88,22.22,108,Regular,Low-Fat Diet
66,16.67,174,Vegan,Balanced Diet
56,23.01,81,Regular,Balanced Diet
88,32.72,100,Keto,Balanced Diet
117,41.95,173,Regular,Low-Fat Diet
84,30.12,151,Regular,High-Protein Diet
100,27.7,60,Regular,Low-Fat Diet
96,32.08,81,Vegetarian,Low-Fat Diet
85,37.28,103,Regular,High-Protein Diet
113,31.63,55,Regular,Low-Fat Diet
62,21.71,75,Vegan,Low-Fat Diet
67,20.01,57,Regular,Balanced Diet
70,18.99,185,Regular,Balanced Diet
114,37.22,87,Regular,Low-Carb Diet
57,23.42,185,Regular,High-Protein Diet
97,27.74,66,Keto,High-Protein Diet
92,28.71,152,Regular,High-Protein Diet
102,27.96,132,Keto,Low-Fat Diet
76,32.05,174,Regular,Low-Carb Diet
68,26.56,180,Vegetarian,High-Protein Diet
72,32.0,162,Regular,Low-Fat Diet
99,29.56,102,Regular,High-Protein Diet
100,44.44,159,Regular,Low-Fat Diet
92,32.6,170,Keto,Balanced Diet
100,43.86,146,Regular,Balanced Diet
118,40.83,145,Regular,Low-Fat Diet
90,31.51,111,Vegetarian,High-Protein Diet
60,20.28,102,Vegetarian,Balanced Diet
101,34.95,142,Regular,Low-Carb Diet
72,24.06,150,Keto,Balanced Diet
98,41.86,175,Regular,Low-Fat Diet
87,33.56,132,Vegan,High-Protein Diet
96,32.83,144,Keto,High-Protein Diet
56,19.61,132,Vegan,Balanced Diet
115,41.23,63,Vegan,Balanced Diet
111,49.33,114,Vegetarian,Balanced Diet
78,24.34,162,Regular,Balanced Diet
87,26.26,98,Keto,High-Protein Diet
82,27.4,178,Keto,Balanced Diet
78,29.36,133,Regular,High-Protein Diet
72,21.04,71,Keto,High-Protein Diet
52,21.93,52,Keto,High-Protein Diet
94,36.72,189,Vegetarian,Low-Fat Diet
57,19.05,107,Vegetarian,Balanced Diet
78,24.07,126,Vegetarian,Balanced Diet
51,19.43,61,Vegetarian,High-Protein Diet
99,36.36,51,Keto,Low-Fat Diet
114,38.09,175,Regular,Low-Fat Diet
69,26.29,133,Keto,Balanced Diet
101,33.75,109,Regular,Balanced Diet
86,28.08,90,Vegetarian,Balanced Diet
76,33.33,151,Regular,Low-Fat Diet
96,35.26,60,Vegetarian,Low-Fat Diet
55,15.73,156,Vegan,Balanced Diet
109,28.67,111,Regular,Low-Fat Diet
94,41.78,64,Vegan,Low-Fat Diet
93,23.72,119,Vegan,Balanced Diet
67,26.17,89,Regular,Low-Carb Diet
114,33.67,58,Regular,Low-Carb Diet
74,20.07,163,Vegan,Low-Fat Diet
76,23.99,194,Regular,Low-Fat Diet
56,16.19,107,Regular,Low-Carb Diet
93,33.75,129,Regular,Low-Fat Diet
78,22.07,100,Regular,Balanced Diet
93,25.49,106,Vegetarian,Balanced Diet
85,27.13,135,Regular,Low-Carb Diet
68,21.46,193,Vegetarian,Low-Carb Diet
55,14.92,61,Keto,Low-Carb Diet
74,32.03,55,Keto,Low-Fat Diet
80,31.64,181,Regular,High-Protein Diet
58,15.9,151,Vegetarian,Balanced Diet
86,32.37,171,Regular,High-Protein Diet
76,29.32,96,Regular,Low-Carb Diet
62,16.14,134,Vegetarian,Low-Fat Diet
90,24.67,166,Regular,High-Protein Diet
115,35.89,68,Vegetarian,Low-Fat Diet
73,22.28,76,Regular,Low-Carb Diet
93,28.39,188,Regular,High-Protein Diet
109,29.88,119,Regular,Balanced Diet
58,17.7,90,Regular,High-Protein Diet
51,16.65,77,Regular,Balanced Diet
105,46.67,112,Vegetarian,Low-Carb Diet
79,21.66,116,Vegetarian,High-Protein Diet
71,31.14,73,Regular,Balanced Diet
62,22.5,150,Keto,Low-Fat Diet
65,20.29,128,Regular,Balanced Diet
94,26.6,88,Keto,Balanced Diet
114,46.84,171,Keto,High-Protein Diet
60,19.37,94,Keto,Low-Carb Diet
119,47.67,110,Regular,Balanced Diet
69,23.6,141,Keto,Low-Fat Diet
112,33.44,90,Regular,Low-Fat Diet
61,16.04,96,Regular,Balanced Diet
111,28.31,171,Vegan,High-Protein Diet
91,40.44,81,Regular,Balanced Diet
118,47.27,123,Regular,Low-Fat Diet
107,37.46,171,Regular,Balanced Diet
54,19.13,151,Regular,High-Protein Diet
76,22.21,126,Vegetarian,Low-Carb Diet
77,21.56,64,Regular,High-Protein Diet
75,19.93,62,Regular,High-Protein Diet
98,41.86,84,Regular,High-Protein Diet
70,28.04,179,Regular,High-Protein Diet
50,13.85,110,Regular,Balanced Diet
107,36.59,114,Regular,Low-Carb Diet
104,37.29,145,Regular,Balanced Diet
75,28.93,135,Regular,Low-Carb Diet
74,20.28,53,Keto,Balanced Diet
82,22.24,159,Vegetarian,Balanced Diet
118,33.39,63,Regular,High-Protein Diet
55,22.03,194,Regular,High-Protein Diet
72,29.97,191,Vegetarian,Balanced Diet
79,27.99,90,Regular,High-Protein Diet
103,26.54,111,Regular,Low-Carb Diet
60,15.62,101,Vegetarian,High-Protein Diet
80,32.87,76,Vegetarian,Balanced Diet
55,20.2,134,Regular,Balanced Diet
60,25.3,89,Regular,Balanced Diet
61,22.41,84,Keto,Balanced Diet
115,51.11,144,Keto,Low-Carb Diet
102,29.48,60,Keto,Balanced Diet
85,24.05,129,Regular,High-Protein Diet
66,23.38,183,Keto,Balanced Diet
77,22.26,147,Keto,Balanced Diet
71,25.77,174,Regular,High-Protein Diet
56,18.29,90,Keto,Low-Carb Diet
64,21.89,70,Regular,High-Protein Diet
60,24.34,142,Keto,Low-Carb Diet
73,22.04,124,Keto,Low-Fat Diet
116,50.87,106,Vegetarian,Balanced Diet
79,24.66,182,Regular,Low-Fat Diet
119,30.98,163,Vegetarian,Low-Carb Diet
115,40.26,126,Regular,Balanced Diet
110,39.44,156,Vegan,Low-Fat Diet
90,24.41,119,Vegetarian,Low-Fat Diet
100,39.56,143,Regular,Low-Fat Diet
93,31.07,97,Regular,Low-Carb Diet
62,26.49,107,Regular,Balanced Diet
61,17.63,186,Regular,High-Protein Diet
58,24.78,104,Regular,Low-Fat Diet
97,36.96,94,Regular,Balanced Diet
98,32.37,75,Regular,Low-Fat Diet
102,38.87,111,Vegetarian,Balanced Diet
105,37.65,198,Vegetarian,Balanced Diet
89,29.74,93,Regular,Balanced Diet
73,32.02,125,Keto,Low-Carb Diet
82,21.13,70,Regular,Low-Carb Diet
72,21.74,195,Keto,High-Protein Diet
103,36.49,85,Regular,Low-Carb Diet
102,40.86,119,Vegan,Low-Fat Diet
98,31.28,197,Keto,High-Protein Diet
98,28.95,164,Vegetarian,Balanced Diet
109,30.84,176,Regular,Low-Carb Diet
114,45.09,143,Keto,High-Protein Diet
81,36.0,52,Regular,Balanced Diet
70,19.19,57,Vegetarian,High-Protein Diet
67,23.18,97,Keto,Low-Fat Diet
109,43.66,167,Vegetarian,High-Protein Diet
62,16.14,50,Keto,High-Protein Diet
73,27.14,51,Keto,Low-Fat Diet
79,23.33,123,Vegan,Low-Carb Diet
51,21.5,86,Vegan,Low-Fat Diet
74,20.5,143,Vegan,Low-Carb Diet
99,33.86,100,Vegan,Low-Fat Diet
63,17.45,99,Vegan,High-Protein Diet
55,18.59,168,Regular,High-Protein Diet
79,32.46,175,Vegetarian,High-Protein Diet
79,26.7,127,Regular,Low-Fat Diet
87,23.36,180,Vegan,High-Protein Diet
107,35.34,94,Vegetarian,High-Protein Diet
90,29.05,184,Vegetarian,Low-Fat Diet
106,29.36,130,Regular,Low-Fat Diet
85,35.38,72,Regular,Low-Carb Diet
113,33.74,51,Vegan,Low-Fat Diet
65,26.04,160,Vegan,High-Protein Diet
63,16.07,175,Regular,Low-Fat Diet
80,24.15,83,Regular,Low-Fat Diet
115,47.87,56,Regular,Low-Fat Diet
117,33.82,59,Regular,Low-Fat Diet
114,35.19,179,Regular,High-Protein Diet
104,31.05,130,Regular,Low-Fat Diet
89,24.65,109,Keto,Low-Fat Diet
74,23.36,66,Vegetarian,Low-Fat Diet
74,27.85,135,Regular,Low-Fat Diet
52,15.19,65,Vegan,High-Protein Diet
118,34.48,64,Vegetarian,High-Protein Diet
75,27.89,150,Keto,Balanced Diet
89,36.11,128,Keto,Low-Fat Diet
87,28.41,64,Regular,Low-Fat Diet
87,25.42,131,Vegan,High-Protein Diet
117,30.15,86,Regular,Balanced Diet
56,19.38,177,Vegetarian,Balanced Diet
79,25.22,114,Regular,High-Protein Diet
68,29.05,82,Regular,Low-Fat Diet
84,30.85,180,Vegetarian,High-Protein Diet
82,28.04,98,Regular,Balanced Diet
82,31.63,199,Vegan,Low-Fat Diet
87,31.96,198,Vegetarian,High-Protein Diet
59,16.52,159,Vegetarian,Balanced Diet
106,30.31,154,Regular,Balanced Diet
77,21.11,76,Regular,Low-Fat Diet
87,25.15,181,Regular,Low-Carb Diet
65,20.52,164,Regular,High-Protein Diet
70,25.1,178,Regular,Balanced Diet
55,21.76,53,Regular,Balanced Diet
90,24.67,73,Keto,High-Protein Diet
64,18.11,159,Vegetarian,Balanced Diet
52,18.65,71,Regular,Low-Fat Diet
92,40.89,127,Regular,High-Protein Diet
96,27.16,57,Regular,Low-Fat Diet
63,21.8,107,Regular,Low-Carb Diet
115,51.11,129,Keto,High-Protein Diet
78,29.0,137,Vegetarian,Low-Carb Diet
53,22.64,108,Regular,High-Protein Diet
75,26.26,139,Regular,Low-Carb Diet
61,24.13,56,Keto,Balanced Diet
51,17.24,74,Regular,Low-Carb Diet
66,18.28,151,Vegetarian,High-Protein Diet
84,25.08,173,Regular,Low-Fat Diet
59,15.52,102,Regular,Balanced Diet
92,23.71,157,Regular,Low-Fat Diet
70,21.13,188,Regular,Balanced Diet
64,19.11,189,Vegan,High-Protein Diet
84,23.77,177,Vegetarian,Low-Fat Diet
109,43.12,105,Keto,Low-Fat Diet
93,32.56,160,Regular,High-Protein Diet
54,24.0,193,Keto,Balanced Diet
67,25.53,81,Keto,Balanced Diet
70,31.11,131,Keto,High-Protein Diet
100,42.17,166,Keto,Balanced Diet
90,33.06,120,Regular,Low-Fat Diet
73,27.14,182,Keto,Balanced Diet
73,18.62,177,Regular,High-Protein Diet
87,27.77,146,Vegan,Low-Carb Diet
93,28.7,134,Regular,High-Protein Diet
106,35.83,174,Regular,Balanced Diet
108,27.83,199,Regular,Balanced Diet
83,22.05,194,Keto,Low-Fat Diet
72,19.53,138,Regular,Balanced Diet
92,33.39,154,Keto,Balanced Diet
89,22.7,190,Vegetarian,Low-Fat Diet
96,28.67,100,Vegan,Balanced Diet
90,34.29,82,Vegetarian,Balanced Diet
96,36.13,154,Regular,Low-Carb Diet
69,26.95,69,Regular,Low-Fat Diet
114,36.39,173,Keto,Balanced Diet
117,32.07,121,Vegetarian,Low-Fat Diet
73,22.28,123,Regular,High-Protein Diet
85,25.11,170,Vegetarian,Low-Carb Diet
94,29.01,191,Regular,Balanced Diet
51,18.51,111,Regular,High-Protein Diet
77,20.04,176,Regular,Low-Carb Diet
75,30.04,147,Keto,High-Protein Diet
72,28.48,176,Regular,Balanced Diet
85,34.48,130,Vegetarian,High-Protein Diet
55,19.03,198,Vegetarian,Low-Carb Diet
84,32.01,141,Keto,High-Protein Diet
87,21.97,87,Regular,High-Protein Diet
84,35.42,192,Regular,Low-Fat Diet
102,42.46,85,Vegan,Low-Fat Diet
87,27.15,58,Regular,Balanced Diet
108,33.33,108,Vegetarian,Low-Fat Diet
92,33.39,131,Keto,High-Protein Diet
53,20.7,103,Regular,Low-Fat Diet
54,18.91,194,Regular,Low-Carb Diet
117,30.15,131,Regular,Low-Carb Diet
94,37.65,53,Regular,Balanced Diet
74,32.45,133,Keto,Low-Fat Diet
60,17.34,62,Keto,Low-Fat Diet
78,34.67,164,Regular,Balanced Diet
83,35.46,92,Keto,High-Protein Diet
63,18.41,57,Regular,Low-Carb Diet
73,24.11,197,Regular,Low-Fat Diet
108,46.75,172,Regular,Low-Fat Diet
88,35.25,110,Vegetarian,Balanced Diet
75,25.65,93,Vegetarian,Low-Carb Diet
92,31.1,177,Vegan,Low-Fat Diet
85,32.79,166,Regular,Low-Fat Diet
88,34.81,148,Regular,High-Protein Diet
110,32.85,133,Regular,Balanced Diet
65,17.63,150,Vegetarian,Low-Fat Diet
108,42.72,59,Keto,Low-Fat Diet
55,17.17,195,Regular,Low-Carb Diet
105,35.91,173,Keto,Low-Carb Diet
57,23.73,74,Vegetarian,Low-Carb Diet
76,19.19,152,Regular,High-Protein Diet
76,33.33,93,Regular,Low-Carb Diet
95,29.65,139,Keto,Balanced Diet
90,39.47,157,Regular,High-Protein Diet
74,22.59,197,Regular,Low-Fat Diet
67,18.37,121,Regular,High-Protein Diet
61,22.41,51,Regular,Low-Fat Diet
100,38.58,163,Keto,Balanced Diet
88,39.11,83,Regular,Low-Fat Diet
59,23.94,104,Regular,Balanced Diet
103,26.54,156,Regular,Low-Fat Diet
78,19.7,121,Regular,High-Protein Diet
90,34.29,118,Regular,Low-Carb Diet
58,21.56,153,Keto,High-Protein Diet
112,30.07,114,Keto,Balanced Diet
86,34.89,175,Regular,High-Protein Diet
63,24.92,134,Vegetarian,Balanced Diet
88,23.14,92,Regular,High-Protein Diet
89,37.53,123,Regular,Balanced Diet
103,26.01,70,Vegetarian,High-Protein Diet
52,18.42,190,Regular,Low-Carb Diet
104,27.07,157,Vegetarian,Balanced Diet
82,23.45,163,Vegan,Low-Fat Diet
68,26.56,77,Regular,Balanced Diet
83,22.52,131,Keto,Low-Carb Diet
99,34.66,155,Vegetarian,Low-Carb Diet
96,33.61,179,Regular,Low-Carb Diet
95,32.87,107,Vegan,Low-Fat Diet
105,37.65,70,Keto,Low-Carb Diet
106,26.77,139,Vegetarian,Low-Carb Diet
100,39.56,132,Vegetarian,Low-Fat Diet
103,30.76,74,Regular,Low-Carb Diet
77,25.14,106,Keto,Low-Fat Diet
68,21.22,197,Vegetarian,High-Protein Diet
76,30.44,55,Regular,High-Protein Diet
97,25.51,67,Vegetarian,High-Protein Diet
68,20.99,197,Regular,Balanced Diet
100,27.41,152,Vegetarian,Balanced Diet
56,23.92,187,Regular,Low-Carb Diet
78,32.47,82,Regular,Low-Fat Diet
92,34.63,164,Regular,Balanced Diet
118,50.41,196,Keto,Low-Fat Diet
107,34.94,96,Vegetarian,High-Protein Diet
57,14.84,79,Vegan,Low-Fat Diet
91,23.45,108,Regular,High-Protein Diet
91,25.75,80,Regular,Balanced Diet
62,22.5,70,Vegan,Low-Fat Diet
75,26.57,66,Keto,Low-Fat Diet
67,17.09,147,Keto,High-Protein Diet
91,37.88,69,Keto,Low-Fat Diet
100,31.56,65,Regular,High-Protein Diet
65,25.39,107,Vegan,Balanced Diet
52,19.1,98,Keto,High-Protein Diet
94,29.34,189,Keto,High-Protein Diet
71,23.45,109,Regular,Low-Fat Diet
72,20.16,73,Vegetarian,Low-Fat Diet
108,42.19,62,Vegan,Low-Fat Diet
111,45.61,83,Keto,Balanced Diet
117,38.2,134,Regular,Low-Fat Diet
103,35.22,116,Vegetarian,Balanced Diet
106,35.01,63,Regular,Balanced Diet
72,25.51,156,Keto,Low-Carb Diet
109,33.64,150,Vegan,Low-Fat Diet
104,33.96,90,Keto,High-Protein Diet
112,30.7,157,Regular,Low-Fat Diet
105,29.09,94,Regular,Low-Fat Diet
104,30.39,123,Keto,High-Protein Diet
74,25.01,50,Regular,High-Protein Diet
75,19.52,152,Regular,Balanced Diet
98,37.34,141,Vegetarian,High-Protein Diet
112,36.99,143,Regular,Low-Carb Diet
94,41.23,133,Keto,Low-Fat Diet
88,38.59,69,Regular,Low-Fat Diet
114,41.87,72,Regular,High-Protein Diet
118,47.27,144,Keto,High-Protein Diet
105,33.52,145,Regular,High-Protein Diet
58,22.1,165,Vegetarian,Balanced Diet
119,35.15,139,Vegan,Balanced Diet
77,21.33,55,Vegan,Low-Fat Diet
94,35.82,57,Regular,Balanced Diet
75,23.15,112,Vegetarian,Low-Fat Diet
77,26.64,173,Keto,Low-Fat Diet
89,27.17,181,Regular,Balanced Diet
64,19.11,190,Regular,Balanced Diet
55,22.31,84,Keto,Low-Carb Diet
76,21.05,142,Regular,High-Protein Diet
87,22.42,105,Keto,Low-Carb Diet
117,51.31,188,Regular,Low-Fat Diet
113,32.31,87,Regular,Low-Fat Diet
79,24.11,135,Regular,Balanced Diet
52,14.56,167,Regular,Low-Carb Diet
111,35.43,159,Regular,High-Protein Diet
61,17.63,124,Vegan,Balanced Diet
79,21.88,141,Regular,Balanced Diet
87,38.67,168,Regular,Low-Fat Diet
109,30.19,123,Vegan,High-Protein Diet
87,34.41,112,Regular,Low-Fat Diet
64,27.34,158,Vegan,Balanced Diet
67,19.79,198,Keto,Low-Carb Diet
101,39.95,97,Regular,High-Protein Diet
78,20.3,133,Vegan,Balanced Diet
109,42.58,190,Vegetarian,Balanced Diet
70,26.35,51,Keto,Low-Fat Diet
66,18.87,160,Regular,High-Protein Diet
67,25.85,56,Regular,Balanced Diet
106,28.16,154,Regular,Low-Carb Diet
86,31.21,68,Regular,Balanced Diet
109,40.04,70,Regular,High-Protein Diet
87,25.7,107,Keto,Balanced Diet
61,26.75,85,Keto,Low-Fat Diet
50,19.53,93,Keto,Balanced Diet
107,29.64,113,Vegetarian,Balanced Diet
52,22.51,76,Regular,High-Protein Diet
112,35.35,185,Regular,Balanced Diet
70,25.1,139,Regular,Balanced Diet
72,25.21,178,Regular,Low-Carb Diet
58,15.1,176,Vegetarian,Low-Carb Diet
104,39.14,72,Vegan,High-Protein Diet
68,20.31,122,Regular,Low-Carb Diet
111,28.31,80,Keto,High-Protein Diet
88,27.16,184,Regular,High-Protein Diet
76,21.28,58,Regular,Balanced Diet
95,26.04,174,Regular,Low-Carb Diet
83,29.76,165,Regular,Low-Carb Diet
82,25.59,193,Vegan,Low-Fat Diet
99,32.7,123,Regular,Low-Carb Diet
69,24.45,79,Keto,Low-Carb Diet
89,36.11,79,Regular,Low-Fat Diet
107,34.15,83,Regular,Low-Carb Diet
80,32.46,68,Regular,Balanced Diet
87,26.85,55,Vegan,Low-Fat Diet
94,40.69,194,Vegetarian,Low-Fat Diet
90,38.95,150,Keto,Low-Carb Diet
58,15.57,140,Regular,Balanced Diet
58,19.84,156,Keto,Balanced Diet
112,40.64,50,Vegan,Low-Carb Diet
71,20.75,193,Regular,High-Protein Diet
65,23.59,96,Regular,High-Protein Diet
81,30.49,72,Keto,Low-Carb Diet
115,46.07,134,Keto,High-Protein Diet
63,19.66,137,Keto,High-Protein Diet
87,30.1,192,Keto,Balanced Diet
57,21.99,116,Regular,Low-Carb Diet
70,20.23,92,Keto,Low-Carb Diet
105,32.05,185,Keto,Balanced Diet
95,37.11,164,Vegetarian,Low-Fat Diet
92,32.21,147,Vegan,Low-Carb Diet
95,28.06,75,Keto,Balanced Diet
97,25.25,113,Regular,High-Protein Diet
119,31.3,92,Regular,High-Protein Diet
80,31.25,161,Vegetarian,Balanced Diet
82,33.27,111,Regular,Low-Carb Diet
93,39.73,188,Keto,Low-Carb Diet
57,18.4,167,Vegan,High-Protein Diet
51,13.69,186,Keto,Low-Carb Diet
66,18.48,97,Regular,Balanced Diet
101,28.88,183,Regular,Low-Carb Diet
94,24.47,103,Vegetarian,Low-Fat Diet
86,26.84,111,Keto,Balanced Diet
91,24.43,176,Regular,Low-Fat Diet
93,23.96,170,Vegetarian,High-Protein Diet
87,22.42,147,Regular,Low-Carb Diet
55,17.76,105,Keto,High-Protein Diet
117,40.48,131,Keto,High-Protein Diet
100,35.01,136,Regular,Low-Carb Diet
84,35.88,180,Keto,Low-Fat Diet
107,41.8,177,Regular,Low-Fat Diet
106,40.39,110,Regular,Low-Fat Diet
55,22.03,192,Vegan,High-Protein Diet
62,26.49,52,Regular,Low-Fat Diet
108,41.67,192,Vegan,High-Protein Diet
79,31.65,80,Regular,Low-Fat Diet
51,19.43,120,Regular,Balanced Diet
107,27.57,104,Regular,High-Protein Diet
85,27.76,141,Keto,Low-Carb Diet
94,26.88,173,Regular,Low-Carb Diet
58,15.9,159,Keto,Low-Fat Diet
114,43.44,153,Regular,High-Protein Diet
99,28.01,74,Regular,Balanced Diet
81,25.85,169,Vegetarian,Low-Fat Diet
92,32.6,99,Regular,High-Protein Diet
103,34.41,87,Regular,Low-Fat Diet
96,34.01,109,Vegetarian,High-Protein Diet
63,16.07,134,Vegetarian,High-Protein Diet
97,36.96,133,Keto,Balanced Diet
104,39.63,125,Regular,Balanced Diet
78,24.9,149,Vegan,Balanced Diet
96,42.1,161,Keto,Low-Carb Diet
112,44.3,68,Regular,Low-Fat Diet
68,23.26,182,Vegetarian,High-Protein Diet
58,22.1,171,Regular,Low-Fat Diet
86,34.45,142,Regular,Balanced Diet
101,30.49,150,Regular,Low-Carb Diet
106,39.9,79,Vegetarian,High-Protein Diet
77,19.84,114,Vegan,Low-Fat Diet
85,29.76,125,Keto,Low-Fat Diet
113,42.01,54,Vegetarian,High-Protein Diet
67,20.45,87,Vegetarian,Low-Fat Diet
84,25.36,188,Regular,Balanced Diet
117,42.46,133,Vegetarian,Balanced Diet
88,29.4,78,Regular,Low-Fat Diet
57,17.79,63,Regular,Balanced Diet
64,24.39,123,Vegetarian,Balanced Diet
56,14.58,140,Vegetarian,Balanced Diet
66,17.01,157,Keto,Low-Fat Diet
113,41.51,59,Regular,Low-Carb Diet
61,26.75,88,Regular,Low-Fat Diet
105,38.1,109,Regular,Low-Carb Diet
95,29.0,145,Regular,High-Protein Diet
96,26.04,146,Vegetarian,Balanced Diet
65,26.37,199,Regular,High-Protein Diet
118,51.07,166,Regular,Balanced Diet
51,19.68,136,Vegan,Low-Carb Diet
103,36.06,71,Regular,Low-Fat Diet
76,27.92,68,Keto,High-Protein Diet
80,30.11,71,Regular,Low-Fat Diet
90,33.06,176,Vegetarian,Low-Carb Diet
85,21.68,178,Regular,High-Protein Diet
96,26.04,173,Regular,Low-Fat Diet
92,23.47,75,Regular,Balanced Diet
114,34.42,53,Regular,Low-Fat Diet
99,30.9,94,Regular,High-Protein Diet
50,19.29,61,Keto,High-Protein Diet
106,39.41,141,Keto,Low-Fat Diet
65,23.31,86,Regular,Low-Fat Diet
77,24.58,180,Regular,High-Protein Diet
71,24.0,179,Vegan,High-Protein Diet
90,33.87,95,Regular,Low-Carb Diet
68,21.22,160,Keto,Low-Carb Diet
99,29.89,195,Keto,Balanced Diet
108,28.7,86,Keto,High-Protein Diet
118,43.87,103,Vegetarian,Low-Carb Diet
83,34.11,74,Vegetarian,Balanced Diet
88,32.72,176,Regular,Low-Carb Diet
56,15.35,154,Keto,Low-Carb Diet
101,26.56,132,Vegan,Low-Fat Diet
109,31.17,192,Regular,Low-Carb Diet
101,26.56,95,Regular,Balanced Diet
73,19.6,105,Regular,High-Protein Diet
75,29.3,163,Regular,Low-Fat Diet
59,18.62,75,Vegetarian,Low-Fat Diet
66,20.37,159,Vegetarian,Low-Carb Diet
51,16.85,197,Regular,High-Protein Diet
76,25.39,70,Regular,Low-Fat Diet
97,34.37,151,Regular,High-Protein Diet
58,25.44,154,Regular,Low-Carb Diet
72,24.62,74,Regular,High-Protein Diet
76,26.61,81,Vegetarian,High-Protein Diet
92,27.77,160,Vegan,High-Protein Diet
56,22.72,178,Vegetarian,Balanced Diet
112,36.99,65,Keto,Balanced Diet
93,24.46,81,Keto,Low-Carb Diet
88,35.25,182,Keto,Low-Carb Diet
89,26.58,59,Vegetarian,Low-Carb Diet
56,18.93,156,Regular,Low-Carb Diet
119,50.18,121,Vegan,Low-Carb Diet
74,24.44,128,Keto,Low-Fat Diet
108,43.82,69,Keto,Balanced Diet
62,22.77,138,Vegetarian,Low-Carb Diet
111,28.6,189,Keto,Low-Carb Diet
57,15.15,139,Regular,Low-Fat Diet
94,34.95,123,Regular,Low-Fat Diet
67,29.78,110,Vegetarian,Low-Carb Diet
109,37.28,192,Vegetarian,Low-Fat Diet
109,47.18,54,Regular,Low-Fat Diet
51,14.58,145,Vegan,Balanced Diet
115,43.28,199,Regular,High-Protein Diet
63,18.41,71,Keto,Low-Carb Diet
97,34.78,61,Keto,Balanced Diet
105,27.33,113,Regular,High-Protein Diet
61,16.9,124,Keto,Balanced Diet
104,37.29,137,Keto,High-Protein Diet
77,33.33,158,Vegetarian,Low-Fat Diet
53,20.96,65,Vegan,Balanced Diet
85,21.68,100,Regular,Low-Carb Diet
99,28.01,81,Regular,Low-Fat Diet
52,13.54,164,Keto,Low-Fat Diet
50,22.22,175,Keto,High-Protein Diet
66,21.31,180,Keto,Balanced Diet
111,35.83,164,Keto,High-Protein Diet
97,37.89,190,Regular,Low-Carb Diet
111,28.31,141,Regular,Low-Carb Diet
118,49.76,107,Vegetarian,Low-Fat Diet
68,27.94,94,Regular,Balanced Diet
83,29.41,73,Vegetarian,Low-Fat Diet
98,30.93,62,Regular,Low-Carb Diet
96,35.69,54,Vegan,Balanced Diet
99,29.24,130,Regular,Low-Carb Diet
75,19.52,168,Regular,Balanced Diet
105,30.35,195,Vegan,Low-Fat Diet
63,24.3,82,Vegetarian,Low-Fat Diet
74,23.1,143,Regular,Low-Carb Diet
53,18.56,145,Regular,Low-Fat Diet
81,23.41,80,Regular,Low-Fat Diet
114,49.34,148,Keto,Low-Fat Diet
110,44.06,128,Vegetarian,High-Protein Diet
69,19.11,76,Keto,High-Protein Diet
59,16.69,76,Vegan,Low-Carb Diet
83,27.1,168,Regular,Low-Fat Diet
110,48.24,178,Vegetarian,Low-Fat Diet
76,25.69,125,Regular,High-Protein Diet
89,30.08,147,Regular,High-Protein Diet
114,39.45,101,Keto,Balanced Diet
82,30.12,136,Keto,Low-Fat Diet
117,46.87,172,Regular,Low-Carb Diet
58,22.1,126,Regular,Low-Carb Diet
65,20.75,77,Vegan,Balanced Diet
54,17.43,73,Regular,High-Protein Diet
72,26.13,71,Regular,High-Protein Diet
92,26.31,185,Keto,Balanced Diet
106,30.97,145,Vegan,Balanced Diet
100,44.44,61,Keto,High-Protein Diet
62,22.23,153,Regular,Low-Carb Diet
73,29.24,198,Keto,Balanced Diet
60,22.86,177,Regular,Low-Fat Diet
101,28.27,116,Vegetarian,Low-Carb Diet
66,17.54,158,Regular,High-Protein Diet
86,31.98,111,Regular,High-Protein Diet
62,16.82,131,Regular,Balanced Diet
111,29.8,107,Vegetarian,High-Protein Diet
57,14.99,177,Regular,Low-Carb Diet
105,44.85,128,Vegan,Balanced Diet
119,35.93,64,Regular,Balanced Diet
93,31.07,111,Regular,High-Protein Diet
109,31.85,113,Regular,Low-Carb Diet
90,24.93,157,Regular,High-Protein Diet
70,27.69,174,Regular,Low-Carb Diet
91,26.59,165,Vegetarian,Low-Carb Diet
78,27.31,137,Keto,Balanced Diet
114,31.58,186,Regular,Low-Fat Diet
66,17.54,127,Regular,High-Protein Diet
79,21.21,197,Regular,High-Protein Diet
75,29.3,77,Regular,Balanced Diet
102,39.35,98,Regular,High-Protein Diet
68,24.38,83,Vegan,Low-Carb Diet
102,31.83,69,Keto,Low-Carb Diet
66,17.72,156,Vegetarian,High-Protein Diet
95,24.48,151,Regular,Balanced Diet
102,29.48,71,Regular,Low-Carb Diet
113,39.56,96,Vegetarian,High-Protein Diet
94,31.05,74,Keto,High-Protein Diet
98,37.81,199,Regular,Low-Carb Diet
68,23.53,151,Regular,Low-Carb Diet
114,37.65,110,Keto,High-Protein Diet
86,33.59,168,Vegetarian,Low-Carb Diet
119,47.67,197,Regular,Low-Fat Diet
75,18.94,69,Vegetarian,Balanced Diet
51,16.85,154,Vegetarian,Low-Carb Diet
108,31.9,155,Regular,Balanced Diet
54,16.48,151,Regular,Balanced Diet
86,21.94,86,Regular,Low-Carb Diet
80,30.11,192,Regular,Balanced Diet
97,43.11,125,Regular,High-Protein Diet
55,19.96,186,Vegetarian,High-Protein Diet
64,21.14,150,Vegetarian,High-Protein Diet
64,25.96,192,Vegetarian,Low-Fat Diet
110,46.38,93,Regular,High-Protein Diet
65,27.41,169,Vegan,High-Protein Diet
69,19.11,167,Keto,Low-Carb Diet
93,27.47,135,Regular,High-Protein Diet
91,32.24,189,Vegetarian,Low-Carb Diet
95,32.11,196,Vegan,Low-Fat Diet
83,33.25,157,Regular,High-Protein Diet
113,35.27,189,Vegetarian,Low-Fat Diet
78,19.7,99,Regular,High-Protein Diet
52,19.1,121,Regular,Balanced Diet
58,17.51,188,Vegetarian,Balanced Diet
74,32.45,152,Vegan,High-Protein Diet
91,34.25,132,Vegetarian,Balanced Diet
95,24.98,72,Regular,Balanced Diet
108,48.0,137,Keto,Low-Carb Diet
70,22.86,192,Keto,Low-Fat Diet
71,23.45,112,Vegetarian,High-Protein Diet
78,28.65,197,Keto,Low-Carb Diet
112,41.64,138,Regular,Low-Fat Diet
110,35.92,59,Vegetarian,Low-Fat Diet
113,29.41,161,Regular,Low-Fat Diet
118,31.68,167,Regular,Balanced Diet
89,32.69,98,Vegan,Balanced Diet
50,18.82,98,Regular,Low-Carb Diet
114,35.98,125,Vegetarian,Low-Fat Diet
111,37.09,82,Vegetarian,Low-Carb Diet
103,26.81,136,Keto,Balanced Diet
109,40.53,127,Keto,Balanced Diet
95,33.66,72,Regular,High-Protein Diet
54,21.91,86,Regular,Balanced Diet
71,21.2,71,Regular,Low-Carb Diet
102,44.73,179,Vegetarian,Low-Carb Diet
119,38.42,197,Regular,Low-Carb Diet
81,32.04,54,Regular,Low-Fat Diet
60,17.72,52,Keto,Low-Carb Diet
59,19.94,131,Regular,Balanced Diet
88,22.45,61,Keto,Low-Carb Diet
80,32.46,119,Regular,Balanced Diet
61,19.47,89,Regular,Balanced Diet
87,29.41,150,Vegetarian,High-Protein Diet
116,49.55,183,Vegetarian,High-Protein Diet
115,43.28,112,Regular,Low-Carb Diet
101,27.69,140,Regular,High-Protein Diet
54,17.04,132,Keto,High-Protein Diet
60,26.67,99,Vegetarian,Low-Fat Diet
74,31.61,50,Regular,Low-Fat Diet
84,25.64,122,Keto,Balanced Diet
84,25.36,187,Vegetarian,Balanced Diet
71,18.11,162,Vegetarian,High-Protein Diet
86,28.08,98,Vegetarian,Low-Fat Diet
104,37.74,63,Regular,Low-Fat Diet
113,31.97,95,Regular,High-Protein Diet
69,23.32,89,Regular,High-Protein Diet
53,16.18,163,Regular,High-Protein Diet
67,24.91,196,Keto,High-Protein Diet
100,38.1,66,Regular,High-Protein Diet
117,51.31,163,Regular,Low-Fat Diet
69,24.45,119,Regular,Low-Fat Diet
58,19.38,87,Keto,Low-Fat Diet
75,19.93,151,Regular,Low-Carb Diet
74,24.73,152,Vegetarian,High-Protein Diet
117,45.7,174,Vegetarian,Balanced Diet
90,30.78,194,Keto,Balanced Diet
108,40.15,122,Vegan,Low-Carb Diet
94,37.18,174,Regular,High-Protein Diet
90,24.93,60,Keto,Low-Carb Diet
87,28.09,102,Vegetarian,Low-Carb Diet
68,27.24,169,Regular,High-Protein Diet
63,20.11,195,Regular,Balanced Diet
70,31.11,158,Vegetarian,Low-Fat Diet
64,23.23,184,Vegetarian,Low-Carb Diet
52,16.05,120,Keto,Low-Carb Diet
86,23.09,88,Regular,Low-Carb Diet
95,37.58,60,Regular,Low-Carb Diet
65,18.79,174,Vegetarian,Low-Carb Diet
63,19.88,59,Vegan,Low-Fat Diet
58,20.8,177,Vegetarian,Balanced Diet
56,14.58,147,Regular,High-Protein Diet
63,18.02,137,Regular,Balanced Diet
55,15.56,125,Vegetarian,Low-Fat Diet
64,16.32,186,Vegetarian,Balanced Diet
101,42.04,151,Vegetarian,High-Protein Diet
83,23.24,159,Regular,Low-Carb Diet
50,19.29,57,Regular,High-Protein Diet
118,44.41,70,Keto,Low-Carb Diet
69,18.52,146,Regular,Low-Fat Diet
56,22.15,138,Vegan,High-Protein Diet
56,19.61,152,Regular,Low-Fat Diet
99,36.81,55,Regular,Balanced Diet
51,15.74,108,Regular,Low-Fat Diet
96,39.45,72,Keto,High-Protein Diet
63,17.45,122,Vegetarian,Balanced Diet
80,31.64,149,Regular,Low-Fat Diet
99,39.16,167,Regular,High-Protein Diet
110,28.34,189,Keto,Low-Fat Diet
90,25.46,116,Keto,High-Protein Diet
63,20.11,110,Keto,Low-Carb Diet
54,16.85,110,Regular,High-Protein Diet
54,15.61,167,Vegan,Low-Fat Diet
113,48.91,79,Keto,Low-Carb Diet
78,19.7,76,Keto,Low-Fat Diet
54,14.65,173,Regular,Balanced Diet
85,31.6,79,Vegetarian,Low-Fat Diet
68,23.53,149,Regular,Low-Carb Diet
113,32.66,86,Regular,Low-Carb Diet
71,27.39,112,Keto,Low-Fat Diet
83,35.46,117,Vegan,Low-Carb Diet
105,27.33,142,Regular,High-Protein Diet
66,26.44,157,Keto,High-Protein Diet
105,29.71,86,Keto,Low-Fat Diet
66,18.09,146,Keto,Balanced Diet
67,21.39,164,Vegan,Low-Fat Diet
94,31.77,80,Regular,Low-Fat Diet
105,27.9,154,Regular,Low-Fat Diet
99,27.71,79,Regular,Low-Fat Diet
107,28.73,197,Regular,Low-Fat Diet
67,22.91,72,Regular,Balanced Diet
56,18.71,176,Regular,Balanced Diet
59,19.27,178,Regular,Balanced Diet
118,36.83,192,Keto,Balanced Diet
52,15.7,70,Keto,Low-Fat Diet
93,34.16,79,Vegetarian,Balanced Diet
119,40.7,60,Regular,Low-Fat Diet
63,16.07,163,Regular,High-Protein Diet
53,13.38,186,Regular,High-Protein Diet
67,18.17,118,Keto,Low-Fat Diet
101,36.21,96,Keto,High-Protein Diet
87,35.75,82,Regular,High-Protein Diet
69,17.42,171,Regular,Low-Fat Diet
93,30.37,114,Regular,Low-Fat Diet
100,40.57,172,Regular,Low-Fat Diet
68,28.3,105,Vegan,Balanced Diet
117,36.52,94,Vegan,Low-Carb Diet
115,32.54,82,Vegan,High-Protein Diet
62,20.96,155,Vegetarian,High-Protein Diet
111,33.88,100,Vegetarian,Low-Fat Diet
110,37.62,182,Vegetarian,Low-Fat Diet
79,21.66,87,Keto,Low-Fat Diet
79,21.43,182,Vegetarian,Balanced Diet
100,26.57,105,Keto,Balanced Diet
97,38.86,130,Regular,High-Protein Diet
82,25.31,138,Regular,Balanced Diet
68,27.94,101,Regular,Balanced Diet
106,42.46,85,Regular,Balanced Diet
68,25.91,169,Regular,Balanced Diet
90,38.95,185,Regular,Balanced Diet
91,26.88,112,Regular,Low-Fat Diet
101,30.49,70,Keto,High-Protein Diet
53,18.34,148,Keto,Balanced Diet
53,16.36,154,Regular,Low-Fat Diet
54,16.12,155,Vegan,Low-Carb Diet
90,27.47,171,Keto,Low-Carb Diet
110,32.49,99,Regular,Balanced Diet
104,38.67,109,Keto,Low-Carb Diet
62,18.92,93,Vegetarian,Low-Carb Diet
63,26.22,51,Regular,Balanced Diet
109,28.96,157,Keto,High-Protein Diet
74,25.61,154,Vegan,High-Protein Diet
93,28.08,147,Regular,High-Protein Diet
59,18.01,192,Vegetarian,Balanced Diet
99,35.08,101,Regular,Low-Carb Diet
93,28.08,137,Vegan,High-Protein Diet
63,20.11,183,Regular,Low-Carb Diet
64,19.75,150,Regular,Low-Fat Diet
65,22.49,180,Regular,Balanced Diet
51,15.23,145,Regular,Low-Fat Diet
79,29.37,195,Regular,High-Protein Diet
79,29.73,141,Vegan,High-Protein Diet
80,28.34,194,Keto,Low-Fat Diet
69,18.72,81,Keto,Low-Carb Diet
98,36.44,125,Regular,Low-Carb Diet
84,34.96,150,Regular,Low-Fat Diet
72,28.84,179,Regular,Low-Fat Diet
110,31.8,194,Regular,High-Protein Diet
104,36.41,165,Keto,High-Protein Diet
116,34.64,149,Vegetarian,Low-Carb Diet
57,16.3,83,Regular,Low-Carb Diet
89,29.06,68,Regular,Balanced Diet
108,38.72,111,Vegetarian,Low-Fat Diet
81,25.85,99,Vegetarian,Low-Fat Diet
56,22.43,135,Keto,Low-Fat Diet
51,15.57,94,Vegetarian,Low-Fat Diet
55,22.89,171,Regular,Low-Fat Diet
85,31.99,131,Vegan,Low-Fat Diet
81,25.85,164,Regular,High-Protein Diet
94,31.41,137,Regular,Low-Carb Diet
91,34.67,50,Regular,Low-Fat Diet
102,27.67,115,Regular,Low-Fat Diet
58,22.38,101,Regular,Low-Carb Diet
98,34.72,51,Regular,Low-Carb Diet
51,17.65,136,Keto,High-Protein Diet
116,37.45,81,Regular,Low-Carb Diet
60,21.26,52,Keto,High-Protein Diet
99,33.08,104,Regular,Balanced Diet
84,27.43,76,Keto,High-Protein Diet
64,17.0,57,Regular,Low-Carb Diet
80,25.54,69,Regular,Balanced Diet
111,29.19,66,Keto,Low-Carb Diet
77,27.61,158,Vegan,Low-Fat Diet
74,19.87,82,Regular,High-Protein Diet
74,21.62,104,Regular,Balanced Diet
50,13.71,122,Keto,Low-Fat Diet
108,34.09,147,Regular,Balanced Diet
118,42.82,157,Regular,High-Protein Diet
91,38.87,193,Vegetarian,Balanced Diet
83,22.28,140,Keto,High-Protein Diet
115,30.56,128,Regular,Low-Fat Diet
67,21.15,113,Regular,Low-Fat Diet
54,23.07,137,Vegetarian,Low-Fat Diet
69,27.29,150,Vegetarian,Balanced Diet
115,37.98,162,Regular,Low-Carb Diet
111,34.26,132,Regular,Balanced Diet
81,35.06,72,Vegan,High-Protein Diet
107,27.85,152,Keto,Balanced Diet
99,43.42,144,Keto,High-Protein Diet
87,28.74,143,Vegetarian,Low-Fat Diet
104,26.53,56,Regular,High-Protein Diet
77,32.05,158,Keto,Low-Carb Diet
71,23.18,108,Regular,High-Protein Diet
92,37.32,163,Regular,High-Protein Diet
85,25.11,52,Regular,High-Protein Diet
101,32.61,161,Regular,Low-Fat Diet
85,28.08,79,Regular,High-Protein Diet
77,27.61,187,Keto,Low-Fat Diet
107,47.56,147,Vegetarian,Low-Fat Diet
85,21.9,62,Vegetarian,Low-Carb Diet
119,33.67,126,Regular,Low-Carb Diet
58,25.1,74,Keto,Balanced Diet
70,29.9,111,Regular,Balanced Diet
113,31.3,89,Regular,Low-Fat Diet
110,31.8,128,Vegetarian,Low-Fat Diet
89,33.09,52,Keto,Low-Carb Diet
105,42.6,95,Regular,Low-Carb Diet
53,15.16,135,Regular,Balanced Diet
80,20.2,147,Vegetarian,High-Protein Diet
76,26.93,118,Vegetarian,Low-Carb Diet
107,27.85,90,Keto,Balanced Diet
74,24.16,109,Vegetarian,Balanced Diet
118,33.39,185,Regular,Low-Fat Diet
119,47.07,147,Keto,Balanced Diet
54,15.44,53,Vegetarian,Low-Carb Diet
57,21.45,74,Vegetarian,Low-Fat Diet
58,14.79,147,Regular,Balanced Diet
64,17.73,119,Vegetarian,Low-Fat Diet
56,19.84,147,Vegetarian,Low-Carb Diet
64,19.97,198,Vegan,Low-Carb Diet
86,36.26,157,Vegetarian,Balanced Diet
88,27.16,143,Regular,High-Protein Diet
55,22.6,172,Vegan,High-Protein Diet
106,37.56,105,Keto,Low-Carb Diet
68,20.99,52,Regular,High-Protein Diet
112,31.69,128,Regular,Low-Fat Diet
80,26.73,198,Vegetarian,High-Protein Diet
59,17.62,95,Vegetarian,Low-Fat Diet
116,39.21,175,Regular,Balanced Diet
111,28.6,168,Vegan,High-Protein Diet
52,13.82,127,Regular,Balanced Diet
67,18.76,117,Keto,High-Protein Diet
74,30.8,80,Vegetarian,Low-Carb Diet
69,19.73,95,Regular,High-Protein Diet
107,29.64,94,Vegetarian,Balanced Diet
99,28.93,53,Vegetarian,Balanced Diet
59,19.05,174,Regular,High-Protein Diet
70,27.34,105,Keto,Low-Carb Diet
78,32.89,55,Regular,Low-Carb Diet
59,21.41,131,Vegetarian,Low-Carb Diet
62,25.48,88,Vegetarian,Low-Fat Diet
96,30.99,160,Vegetarian,Low-Carb Diet
72,18.74,122,Vegan,Low-Carb Diet
99,36.81,147,Regular,Low-Fat Diet
53,13.94,176,Regular,Low-Fat Diet
116,44.2,89,Keto,High-Protein Diet
102,39.84,86,Vegan,Low-Carb Diet
51,13.55,175,Regular,Low-Fat Diet
117,38.2,99,Vegetarian,High-Protein Diet
114,38.99,60,Regular,Low-Carb Diet
106,33.83,108,Regular,Low-Fat Diet
119,39.76,57,Keto,Balanced Diet
56,17.67,77,Vegetarian,Balanced Diet
68,27.24,109,Regular,Balanced Diet
93,25.49,138,Regular,Low-Fat Diet
112,47.84,59,Regular,Low-Fat Diet
114,29.08,112,Keto,Low-Carb Diet
88,23.14,124,Regular,High-Protein Diet
75,26.89,196,Regular,Balanced Diet
93,25.23,195,Vegetarian,High-Protein Diet
61,22.41,196,Regular,Low-Fat Diet
71,21.43,64,Keto,High-Protein Diet
63,19.88,65,Vegan,Low-Fat Diet
79,22.35,197,Keto,Balanced Diet
93,36.79,196,Regular,Low-Carb Diet
87,34.85,196,Vegetarian,Balanced Diet
108,33.33,137,Regular,Low-Fat Diet
91,29.05,80,Regular,Balanced Diet
101,43.72,57,Vegan,Low-Fat Diet
112,42.15,99,Vegetarian,High-Protein Diet
110,36.33,137,Keto,Low-Carb Diet
83,30.86,185,Keto,Balanced Diet
88,38.59,62,Regular,High-Protein Diet
90,30.07,196,Keto,Low-Fat Diet
86,32.37,155,Vegetarian,Low-Carb Diet
114,29.37,146,Vegetarian,Balanced Diet
81,33.28,110,Keto,Low-Carb Diet
57,16.65,84,Vegetarian,High-Protein Diet
67,16.92,186,Vegetarian,Low-Carb Diet
94,31.41,161,Vegetarian,Low-Carb Diet
82,26.47,74,Vegetarian,Balanced Diet
54,15.61,170,Vegan,High-Protein Diet
85,24.31,155,Regular,Low-Carb Diet
72,22.47,113,Keto,High-Protein Diet
89,28.73,164,Regular,Low-Fat Diet
54,15.28,159,Vegetarian,Low-Carb Diet
83,30.86,86,Regular,High-Protein Diet
73,23.84,87,Vegan,Balanced Diet
66,29.33,57,Regular,Low-Fat Diet
71,30.33,124,Regular,Low-Carb Diet
64,20.2,72,Regular,Low-Fat Diet
64,28.44,178,Regular,High-Protein Diet
74,20.07,58,Regular,Low-Carb Diet
102,25.76,89,Regular,Low-Carb Diet
70,18.41,146,Regular,Balanced Diet
115,39.33,145,Regular,Balanced Diet
81,31.64,185,Keto,High-Protein Diet
70,27.69,86,Vegan,Low-Carb Diet
117,42.46,67,Regular,Low-Fat Diet
93,27.17,161,Keto,Balanced Diet
115,29.94,126,Vegetarian,Balanced Diet
63,20.57,124,Keto,Low-Fat Diet
64,16.49,129,Regular,High-Protein Diet
69,23.88,93,Vegetarian,High-Protein Diet
83,31.63,127,Regular,Low-Carb Diet
85,34.05,193,Vegan,Balanced Diet
58,22.66,67,Vegan,Low-Carb Diet
79,30.86,74,Regular,High-Protein Diet
112,46.62,84,Keto,Low-Carb Diet
84,37.33,120,Keto,Low-Fat Diet
62,25.81,76,Regular,Balanced Diet
95,36.2,187,Regular,Low-Carb Diet
105,35.91,124,Vegan,Balanced Diet
58,17.9,197,Keto,Low-Carb Diet
85,29.07,129,Regular,Low-Carb Diet
52,15.03,188,Vegan,Low-Carb Diet
68,17.7,116,Vegetarian,High-Protein Diet
77,24.86,187,Vegetarian,Low-Carb Diet
72,18.18,55,Vegetarian,Low-Fat Diet
56,21.08,144,Vegan,High-Protein Diet
63,16.4,98,Keto,Low-Carb Diet
95,40.06,81,Regular,High-Protein Diet
64,18.7,78,Vegan,Balanced Diet
116,35.41,171,Vegan,Low-Fat Diet
64,19.11,66,Regular,Low-Carb Diet
100,41.09,147,Regular,Balanced Diet
57,15.62,98,Vegetarian,Balanced Diet
118,30.41,193,Keto,Low-Fat Diet
111,43.91,184,Vegan,Low-Fat Diet
100,25.25,62,Regular,Low-Fat Diet
112,40.64,181,Vegetarian,Low-Fat Diet
117,36.52,112,Vegan,Low-Fat Diet
65,22.49,173,Regular,Balanced Diet
73,27.82,122,Regular,Low-Carb Diet
55,24.44,125,Regular,Low-Carb Diet
106,47.11,127,Regular,High-Protein Diet
80,20.82,64,Regular,Balanced Diet
55,16.6,182,Regular,Low-Fat Diet
78,22.31,91,Keto,Low-Fat Diet
116,38.31,67,Vegetarian,Balanced Diet
52,16.98,121,Regular,Low-Fat Diet
77,29.34,185,Regular,High-Protein Diet
97,30.96,117,Regular,Low-Fat Diet
59,17.81,164,Keto,Low-Fat Diet
82,23.7,124,Regular,High-Protein Diet
116,32.13,119,Keto,Low-Carb Diet
118,36.83,71,Regular,Balanced Diet
61,15.56,118,Regular,Low-Carb Diet
106,27.31,178,Vegetarian,High-Protein Diet
93,37.73,135,Regular,Balanced Diet
62,15.81,84,Regular,High-Protein Diet
73,19.0,175,Regular,Low-Fat Diet
93,41.33,116,Vegan,Low-Carb Diet
106,40.89,180,Vegetarian,Low-Fat Diet
65,27.41,178,Regular,Low-Fat Diet
70,23.39,91,Regular,High-Protein Diet
100,41.62,107,Regular,High-Protein Diet
70,23.12,137,Keto,Low-Carb Diet
109,48.44,145,Keto,Low-Fat Diet
100,33.03,134,Vegetarian,Low-Fat Diet
70,31.11,53,Vegetarian,Low-Carb Diet
55,16.79,66,Keto,High-Protein Diet
114,31.25,126,Regular,Low-Carb Diet
107,29.33,148,Regular,Low-Carb Diet
55,23.81,60,Regular,Balanced Diet
114,29.08,89,Vegetarian,Balanced Diet
83,29.41,190,Regular,Balanced Diet
105,28.48,149,Regular,Low-Fat Diet
52,16.41,83,Vegetarian,Low-Fat Diet
91,22.98,185,Keto,Balanced Diet
111,48.68,184,Keto,High-Protein Diet
55,22.03,111,Regular,Low-Carb Diet
55,19.96,95,Regular,Low-Fat Diet
112,29.45,176,Keto,Balanced Diet
69,20.16,175,Vegetarian,Balanced Diet
70,25.4,62,Vegetarian,Balanced Diet
51,13.01,179,Regular,Low-Carb Diet
105,40.51,51,Keto,High-Protein Diet
59,20.66,78,Regular,Low-Fat Diet
119,30.05,140,Regular,Low-Carb Diet
72,31.16,131,Regular,High-Protein Diet
79,21.43,51,Vegetarian,Low-Carb Diet
86,21.72,110,Vegan,Balanced Diet
104,44.43,121,Vegan,Low-Carb Diet
98,35.56,149,Vegetarian,High-Protein Diet
83,20.96,108,Regular,High-Protein Diet
93,26.88,97,Regular,High-Protein Diet
71,18.67,186,Keto,Low-Carb Diet
80,21.93,195,Regular,Low-Fat Diet
56,20.82,99,Regular,Low-Fat Diet
70,21.13,135,Keto,High-Protein Diet
65,23.88,115,Regular,Low-Carb Diet
69,26.95,115,Keto,High-Protein Diet
92,32.21,71,Vegan,High-Protein Diet
93,26.59,135,Vegetarian,Low-Fat Diet
96,32.08,140,Keto,High-Protein Diet
68,24.98,190,Regular,Low-Carb Diet
97,30.27,171,Regular,High-Protein Diet
118,35.24,192,Keto,Low-Fat Diet
60,26.67,161,Regular,Balanced Diet
78,26.06,194,Regular,High-Protein Diet
94,31.41,88,Regular,High-Protein Diet
117,46.87,136,Vegetarian,Low-Carb Diet
85,29.07,53,Keto,High-Protein Diet
97,37.42,64,Regular,Low-Fat Diet
64,23.23,173,Keto,Low-Carb Diet
93,30.72,55,Regular,Balanced Diet
116,37.03,114,Regular,Balanced Diet
89,33.09,135,Vegetarian,Low-Fat Diet
63,19.66,79,Keto,Low-Fat Diet
112,36.16,107,Regular,Low-Carb Diet
100,34.2,135,Vegetarian,High-Protein Diet
107,42.32,105,Keto,Low-Carb Diet
64,19.75,95,Vegetarian,Balanced Diet
114,36.8,178,Vegan,High-Protein Diet
104,40.12,189,Vegan,Low-Carb Diet
59,15.52,162,Regular,Low-Carb Diet
91,28.09,116,Regular,Low-Fat Diet
60,18.31,174,Keto,High-Protein Diet
65,19.84,59,Regular,High-Protein Diet
68,18.84,50,Regular,Low-Carb Diet
80,21.26,68,Regular,Low-Fat Diet
102,30.13,131,Regular,High-Protein Diet
57,14.99,165,Keto,Low-Carb Diet
73,25.26,144,Vegan,Low-Carb Diet
57,22.55,117,Regular,Low-Fat Diet
97,35.63,90,Regular,Low-Carb Diet
79,32.46,118,Keto,High-Protein Diet
107,45.71,163,Regular,Balanced Diet
104,33.57,131,Regular,High-Protein Diet
111,36.66,106,Vegetarian,Low-Carb Diet
97,29.94,97,Vegetarian,High-Protein Diet
53,20.7,99,Vegetarian,Balanced Diet
86,22.16,185,Vegetarian,Balanced Diet
57,19.96,159,Vegetarian,Low-Carb Diet
50,14.61,165,Keto,High-Protein Diet
119,43.18,158,Vegan,Low-Fat Diet
96,25.51,72,Vegetarian,Balanced Diet
54,21.09,90,Keto,Low-Carb Diet
99,30.9,136,Regular,Balanced Diet
73,21.56,142,Keto,Balanced Diet
96,26.59,108,Vegan,Low-Carb Diet
67,19.16,67,Keto,High-Protein Diet
77,26.33,120,Regular,Low-Fat Diet
54,14.65,173,Keto,Low-Carb Diet
79,20.36,185,Vegetarian,High-Protein Diet
50,16.14,163,Keto,Low-Fat Diet
95,27.46,155,Regular,Low-Carb Diet
118,31.03,66,Regular,Low-Carb Diet
80,20.41,100,Keto,Low-Fat Diet
119,35.15,79,Regular,Low-Carb Diet
105,44.85,115,Regular,High-Protein Diet
77,28.28,71,Vegan,High-Protein Diet
65,23.88,81,Keto,Balanced Diet
103,35.64,185,Vegan,Low-Carb Diet
102,33.31,112,Regular,Balanced Diet
61,17.82,78,Vegan,Low-Carb Diet
69,24.45,89,Vegetarian,Balanced Diet
83,30.12,51,Regular,High-Protein Diet
102,27.1,98,Regular,Low-Fat Diet
113,36.9,80,Regular,High-Protein Diet
72,24.62,117,Vegetarian,Low-Fat Diet
76,24.26,139,Vegetarian,Low-Carb Diet
66,29.33,186,Vegan,High-Protein Diet
97,26.04,59,Keto,Balanced Diet
70,20.45,100,Regular,Low-Fat Diet
99,26.86,75,Regular,High-Protein Diet
89,25.73,128,Vegetarian,High-Protein Diet
52,22.81,170,Keto,Balanced Diet
66,23.95,198,Regular,High-Protein Diet
110,30.79,157,Keto,Balanced Diet
99,28.31,140,Keto,High-Protein Diet
55,19.03,79,Regular,Low-Fat Diet
77,30.84,192,Regular,Low-Carb Diet
104,39.63,129,Keto,High-Protein Diet
107,41.8,172,Regular,Low-Carb Diet
94,34.53,133,Regular,High-Protein Diet
68,24.98,162,Regular,Balanced Diet
78,34.21,151,Regular,Low-Fat Diet
72,19.74,133,Regular,Balanced Diet
81,21.75,119,Regular,Low-Fat Diet
59,23.94,157,Regular,Low-Fat Diet
98,26.58,153,Keto,High-Protein Diet
114,31.25,197,Keto,Low-Carb Diet
78,29.72,102,Regular,Balanced Diet
108,39.19,179,Regular,Low-Carb Diet
94,26.6,185,Vegetarian,Balanced Diet
116,38.76,89,Regular,Balanced Diet
100,43.28,171,Vegan,Low-Fat Diet
60,18.73,185,Vegetarian,Balanced Diet
55,20.96,194,Regular,Balanced Diet
116,41.1,148,Vegetarian,High-Protein Diet
111,45.61,79,Vegan,Low-Carb Diet
54,21.63,178,Regular,Low-Fat Diet
58,20.55,113,Regular,Low-Fat Diet
77,20.46,85,Regular,Balanced Diet
87,24.36,128,Regular,Low-Fat Diet
92,31.46,130,Keto,Low-Carb Diet
70,25.1,73,Keto,Balanced Diet
111,37.52,156,Vegan,Low-Fat Diet
95,41.66,181,Regular,High-Protein Diet
119,30.05,172,Keto,High-Protein Diet
87,21.97,159,Vegetarian,Balanced Diet
98,38.28,126,Keto,Low-Carb Diet
88,27.16,186,Vegetarian,Low-Fat Diet
79,23.85,75,Regular,High-Protein Diet
70,26.35,96,Regular,Low-Fat Diet
50,18.37,193,Vegan,Low-Carb Diet
81,31.64,156,Regular,Balanced Diet
57,17.21,60,Vegetarian,Low-Carb Diet
118,48.49,179,Keto,Low-Carb Diet
79,24.38,172,Regular,Low-Fat Diet
57,14.69,132,Vegetarian,Low-Carb Diet
68,17.88,72,Keto,High-Protein Diet
108,28.11,111,Regular,High-Protein Diet
104,39.14,125,Vegetarian,Low-Fat Diet
79,25.22,88,Regular,Balanced Diet
85,23.06,183,Regular,Low-Carb Diet
104,38.2,109,Regular,Low-Carb Diet
93,32.95,159,Regular,Low-Carb Diet
76,27.58,128,Vegetarian,Low-Carb Diet
103,33.63,85,Regular,Low-Fat Diet
97,40.37,126,Regular,Balanced Diet
79,21.43,121,Regular,Balanced Diet
88,22.45,137,Regular,High-Protein Diet
62,24.84,109,Keto,Low-Fat Diet
65,16.41,190,Regular,High-Protein Diet
93,33.75,142,Regular,Low-Carb Diet
76,23.46,86,Regular,Low-Fat Diet
94,36.26,110,Regular,Low-Fat Diet
84,28.39,195,Regular,High-Protein Diet
77,32.47,195,Keto,Low-Carb Diet
56,15.19,103,Regular,Balanced Diet
111,32.43,171,Vegetarian,Low-Fat Diet
100,29.22,80,Regular,Low-Carb Diet
95,41.12,128,Vegetarian,High-Protein Diet
69,23.05,133,Regular,Low-Carb Diet
87,31.57,141,Regular,Balanced Diet
110,31.12,117,Vegetarian,Low-Carb Diet
81,26.45,177,Regular,Low-Carb Diet
75,32.04,145,Vegan,High-Protein Diet
107,28.43,136,Keto,Low-Fat Diet
88,33.95,111,Vegan,High-Protein Diet
69,30.67,128,Vegetarian,Balanced Diet
99,34.26,56,Keto,High-Protein Diet
101,35.79,161,Vegan,Balanced Diet
71,24.57,145,Regular,Low-Fat Diet
102,36.57,89,Regular,Low-Fat Diet
115,31.2,127,Keto,Balanced Diet
92,39.82,132,Vegan,Low-Carb Diet
72,18.37,129,Vegetarian,Balanced Diet
113,30.34,186,Vegetarian,Low-Carb Diet
58,17.7,74,Regular,Balanced Diet
56,22.15,185,Vegan,Low-Carb Diet
90,25.2,88,Regular,Balanced Diet
103,38.3,57,Regular,Low-Fat Diet
114,48.07,190,Vegan,High-Protein Diet
51,21.79,158,Vegetarian,Low-Fat Diet
53,16.92,53,Regular,Low-Carb Diet
81,34.6,72,Regular,High-Protein Diet
51,18.96,83,Regular,High-Protein Diet
113,41.01,120,Vegetarian,Low-Fat Diet
63,16.91,143,Regular,High-Protein Diet
69,29.86,122,Regular,High-Protein Diet
98,38.76,68,Vegetarian,Low-Fat Diet
57,14.84,186,Regular,Low-Fat Diet
112,30.7,72,Regular,Balanced Diet
95,32.11,62,Keto,Low-Carb Diet
70,25.1,121,Regular,Low-Fat Diet
81,36.0,159,Vegetarian,Low-Carb Diet
57,16.84,68,Regular,Low-Carb Diet
65,20.06,54,Regular,High-Protein Diet
89,23.89,169,Vegetarian,Low-Carb Diet
76,33.78,191,Regular,Low-Fat Diet
67,29.0,199,Vegetarian,Balanced Diet
84,36.36,199,Keto,Low-Carb Diet
101,29.19,54,Vegetarian,Low-Carb Diet
64,22.68,129,Regular,Low-Fat Diet
112,35.35,75,Regular,Low-Fat Diet
102,33.69,166,Regular,Low-Fat Diet
115,34.72,129,Vegan,Balanced Diet
80,23.37,174,Keto,High-Protein Diet
110,34.72,189,Keto,Balanced Diet
113,36.9,98,Vegetarian,Low-Carb Diet
83,35.46,189,Regular,Low-Fat Diet
104,26.53,145,Vegetarian,Low-Fat Diet
108,40.65,182,Keto,Low-Fat Diet
52,13.13,149,Vegetarian,Low-Carb Diet
66,21.31,141,Regular,High-Protein Diet
95,28.68,173,Regular,Low-Carb Diet
87,29.75,53,Regular,Balanced Diet
84,21.64,152,Regular,Low-Fat Diet
50,21.64,152,Vegetarian,Low-Fat Diet
78,26.37,142,Regular,Low-Carb Diet
53,18.34,74,Vegetarian,Low-Carb Diet
110,30.47,68,Keto,Low-Fat Diet
66,22.31,72,Regular,Low-Fat Diet
77,32.89,144,Vegan,Balanced Diet
99,34.26,132,Regular,High-Protein Diet
57,16.48,145,Regular,Low-Carb Diet
83,22.52,95,Regular,Balanced Diet
108,33.33,195,Vegetarian,Low-Carb Diet
67,23.18,120,Vegan,High-Protein Diet
108,35.27,94,Regular,Balanced Diet
76,21.05,170,Regular,Low-Carb Diet
65,19.2,66,Keto,High-Protein Diet
59,16.87,192,Regular,Balanced Diet
71,23.72,122,Regular,Low-Carb Diet
65,25.39,83,Vegan,High-Protein Diet
61,16.9,148,Vegetarian,Low-Fat Diet
100,31.56,185,Regular,Low-Fat Diet
50,13.02,99,Vegetarian,High-Protein Diet
76,32.89,168,Vegetarian,Low-Fat Diet
116,51.56,188,Regular,Low-Fat Diet
61,21.61,137,Vegetarian,High-Protein Diet
79,20.78,143,Regular,High-Protein Diet
58,14.79,84,Regular,Low-Carb Diet
102,34.88,108,Regular,Balanced Diet
110,41.4,189,Regular,Low-Fat Diet
103,26.27,61,Regular,Balanced Diet
86,32.37,77,Vegetarian,Low-Carb Diet
114,30.6,158,Regular,High-Protein Diet
91,33.43,89,Regular,High-Protein Diet
98,29.59,148,Keto,Low-Fat Diet
53,20.2,78,Regular,Low-Carb Diet
113,32.31,169,Vegetarian,Low-Fat Diet
100,25.51,177,Regular,Low-Carb Diet
109,42.05,193,Regular,High-Protein Diet
80,22.88,95,Vegan,Balanced Diet
107,30.27,78,Vegetarian,Low-Fat Diet
53,16.0,101,Regular,Low-Carb Diet
71,21.43,89,Keto,High-Protein Diet
52,16.41,55,Regular,Low-Fat Diet
96,40.48,76,Regular,Low-Carb Diet
87,36.21,199,Regular,Low-Carb Diet
82,25.31,56,Vegetarian,High-Protein Diet
97,35.63,178,Regular,Low-Carb Diet
114,35.19,126,Regular,Low-Carb Diet
75,24.77,191,Vegetarian,High-Protein Diet
57,14.69,128,Regular,Balanced Diet
99,26.04,189,Regular,Low-Carb Diet
87,26.26,156,Regular,Low-Fat Diet
59,22.48,179,Vegetarian,Low-Carb Diet
91,36.0,168,Regular,Low-Carb Diet
86,28.73,134,Regular,Low-Fat Diet
75,29.67,106,Regular,Low-Carb Diet
61,16.9,191,Regular,Low-Carb Diet
98,30.25,115,Vegetarian,Low-Fat Diet
63,24.01,124,Regular,Balanced Diet
95,41.12,127,Regular,High-Protein Diet
84,21.21,133,Keto,High-Protein Diet
78,23.29,76,Regular,Balanced Diet
61,15.56,120,Keto,High-Protein Diet
93,29.68,50,Regular,Balanced Diet
115,40.75,62,Keto,Balanced Diet
51,17.24,87,Regular,High-Protein Diet
108,28.7,194,Vegetarian,Low-Carb Diet
66,20.15,149,Regular,Low-Fat Diet
59,22.48,178,Regular,High-Protein Diet
67,20.23,178,Regular,Low-Fat Diet
71,21.2,132,Keto,High-Protein Diet
107,32.3,164,Keto,Balanced Diet
102,43.01,56,Regular,High-Protein Diet
50,21.64,156,Keto,Balanced Diet
110,45.2,197,Regular,High-Protein Diet
80,26.73,93,Keto,Balanced Diet
80,27.36,62,Vegetarian,Balanced Diet
115,30.56,88,Regular,High-Protein Diet
68,22.99,69,Vegetarian,Balanced Diet
102,31.83,54,Regular,Low-Carb Diet
71,25.46,161,Regular,High-Protein Diet
72,21.98,101,Keto,High-Protein Diet
64,26.3,163,Keto,High-Protein Diet
75,22.64,189,Vegetarian,Balanced Diet
52,21.93,178,Vegetarian,Low-Carb Diet
69,17.6,121,Regular,Low-Carb Diet
89,28.41,71,Vegetarian,Low-Carb Diet
88,35.7,163,Keto,Low-Fat Diet
67,24.91,134,Regular,Low-Fat Diet
90,38.45,80,Regular,High-Protein Diet
119,35.53,178,Vegetarian,Balanced Diet
76,32.05,51,Regular,Low-Fat Diet
64,19.32,170,Vegan,Low-Carb Diet
86,36.26,142,Regular,High-Protein Diet
107,30.6,178,Keto,High-Protein Diet
54,16.12,91,Regular,Low-Carb Diet
56,18.29,185,Regular,High-Protein Diet
90,40.0,84,Vegetarian,Low-Carb Diet
59,25.2,158,Regular,Balanced Diet
111,31.41,84,Keto,High-Protein Diet
75,24.49,184,Regular,High-Protein Diet
117,35.32,72,Regular,Low-Fat Diet
73,22.04,72,Regular,Balanced Diet
90,36.51,95,Vegan,Balanced Diet
114,39.91,68,Vegetarian,Balanced Diet
66,24.24,128,Regular,Low-Carb Diet
73,25.26,121,Keto,Balanced Diet
76,20.19,146,Regular,Low-Carb Diet
56,18.29,62,Regular,High-Protein Diet
61,20.62,133,Regular,Low-Carb Diet
52,18.65,176,Keto,Balanced Diet
59,18.21,106,Regular,Low-Fat Diet
82,22.48,57,Regular,Low-Fat Diet
95,36.65,149,Vegan,Balanced Diet
108,48.0,63,Regular,Balanced Diet
101,27.69,143,Regular,High-Protein Diet
55,22.03,58,Vegetarian,High-Protein Diet
51,22.07,190,Regular,Balanced Diet
78,25.47,87,Regular,Low-Fat Diet
89,35.65,70,Regular,Balanced Diet
110,30.15,133,Vegetarian,Low-Carb Diet
117,42.98,177,Vegetarian,High-Protein Diet
117,39.09,177,Vegan,High-Protein Diet
78,19.7,58,Keto,Low-Fat Diet
111,41.78,64,Vegetarian,Balanced Diet
109,47.18,52,Regular,Low-Carb Diet
90,26.87,136,Vegan,Low-Fat Diet
114,34.42,71,Keto,Low-Fat Diet
113,28.53,88,Vegan,Balanced Diet
112,37.42,58,Regular,Low-Fat Diet
97,38.86,61,Regular,High-Protein Diet
69,26.29,83,Vegan,Balanced Diet
86,37.72,94,Keto,Low-Fat Diet
113,46.43,146,Regular,Low-Fat Diet
54,13.91,99,Regular,High-Protein Diet
83,28.72,148,Regular,Low-Fat Diet
88,31.18,88,Regular,Low-Fat Diet
116,38.31,52,Vegan,Low-Fat Diet
111,28.89,61,Regular,High-Protein Diet
73,24.96,92,Regular,Low-Carb Diet
52,20.31,126,Vegan,Low-Carb Diet
116,35.02,169,Regular,Low-Carb Diet
99,30.22,67,Vegetarian,Low-Fat Diet
78,26.99,160,Regular,Balanced Diet
81,22.92,139,Vegan,Low-Carb Diet
88,30.81,59,Vegetarian,Balanced Diet
58,23.53,53,Regular,Low-Fat Diet
63,17.27,150,Regular,High-Protein Diet
117,33.82,61,Vegetarian,Balanced Diet
113,45.27,102,Regular,Low-Fat Diet
69,22.79,65,Vegetarian,Low-Carb Diet
77,25.43,194,Regular,Low-Carb Diet
63,19.02,144,Regular,Low-Fat Diet
93,40.79,51,Vegetarian,Low-Fat Diet
88,31.18,78,Vegan,Balanced Diet
77,20.25,143,Keto,Low-Carb Diet
113,39.56,188,Regular,Low-Fat Diet
81,22.2,150,Regular,Low-Fat Diet
58,16.07,78,Regular,Low-Carb Diet
77,21.11,170,Regular,High-Protein Diet
66,20.83,169,Keto,Low-Carb Diet
104,43.29,140,Keto,Low-Fat Diet
59,21.41,193,Regular,Low-Carb Diet
55,18.17,130,Regular,Low-Carb Diet
97,27.74,191,Regular,Balanced Diet
116,49.55,62,Regular,Balanced Diet
90,28.09,101,Vegetarian,Low-Fat Diet
109,38.16,74,Keto,Low-Carb Diet
91,39.39,174,Vegetarian,Low-Carb Diet
77,26.03,166,Regular,High-Protein Diet
62,22.23,117,Regular,Low-Fat Diet
64,20.9,167,Regular,Low-Fat Diet
85,24.84,121,Regular,Low-Fat Diet
64,25.96,121,Regular,High-Protein Diet
105,38.1,78,Vegan,Low-Fat Diet
53,16.36,52,Vegan,Low-Carb Diet
101,29.19,70,Vegetarian,Low-Carb Diet
59,15.68,190,Regular,Low-Fat Diet
94,28.38,145,Regular,Low-Carb Diet
78,25.18,73,Vegetarian,Low-Fat Diet
102,27.1,51,Regular,Low-Fat Diet
78,33.32,52,Regular,High-Protein Diet
72,24.62,51,Keto,Balanced Diet
106,34.61,82,Regular,Low-Fat Diet
99,30.22,83,Regular,Low-Fat Diet
70,23.39,139,Vegetarian,Balanced Diet
92,24.19,147,Regular,High-Protein Diet
59,17.43,87,Regular,High-Protein Diet
79,22.84,176,Regular,Low-Fat Diet
100,30.52,197,Vegetarian,Low-Fat Diet
82,33.69,187,Regular,Balanced Diet
67,20.23,171,Vegetarian,Balanced Diet
71,21.91,94,Regular,High-Protein Diet
113,43.59,109,Vegan,Low-Carb Diet
70,27.34,61,Vegan,High-Protein Diet
50,16.71,186,Keto,Low-Carb Diet
64,25.96,60,Regular,Balanced Diet
85,25.95,198,Regular,Low-Fat Diet
96,27.45,75,Regular,Balanced Diet
103,35.22,196,Vegetarian,Low-Fat Diet
81,24.19,66,Regular,Low-Fat Diet
107,37.91,178,Vegetarian,Balanced Diet
95,33.26,171,Keto,Low-Fat Diet
103,38.77,143,Keto,Low-Fat Diet
82,24.76,170,Vegan,Low-Fat Diet
88,34.81,164,Regular,Low-Carb Diet
72,26.45,90,Vegan,Low-Carb Diet
92,39.3,130,Keto,High-Protein Diet
104,33.57,167,Regular,Low-Carb Diet
51,16.28,143,Keto,Balanced Diet
115,31.2,165,Regular,Balanced Diet
87,31.96,58,Vegan,Low-Fat Diet
78,23.55,60,Regular,Low-Fat Diet
116,29.89,165,Keto,Low-Carb Diet
85,30.12,67,Regular,Balanced Diet
78,26.99,57,Keto,High-Protein Diet
86,29.41,76,Regular,High-Protein Diet
94,37.65,58,Keto,Low-Fat Diet
65,26.04,51,Regular,High-Protein Diet
80,32.05,130,Vegetarian,Low-Carb Diet
83,26.79,95,Regular,Low-Carb Diet
99,35.93,182,Keto,Balanced Diet
114,30.6,189,Regular,Balanced Diet
111,29.49,148,Regular,Low-Fat Diet
92,37.32,164,Vegetarian,High-Protein Diet
105,38.57,101,Vegetarian,Balanced Diet
64,22.95,96,Regular,Balanced Diet
97,29.28,85,Keto,High-Protein Diet
98,43.56,119,Vegan,Low-Fat Diet
93,35.88,81,Keto,High-Protein Diet
59,24.56,93,Vegetarian,High-Protein Diet
69,19.11,193,Regular,Balanced Diet
119,50.18,120,Vegan,Low-Carb Diet
57,20.94,145,Regular,Balanced Diet
94,33.71,194,Vegetarian,Low-Fat Diet
83,21.17,63,Keto,Low-Fat Diet
100,35.86,190,Regular,High-Protein Diet
53,23.56,177,Vegan,Low-Carb Diet
88,31.18,61,Vegetarian,High-Protein Diet
73,29.62,193,Vegetarian,Low-Carb Diet
104,45.01,101,Vegetarian,High-Protein Diet
75,24.77,198,Vegan,High-Protein Diet
74,31.2,73,Regular,High-Protein Diet
85,23.8,92,Keto,Low-Carb Diet
107,37.91,172,Vegetarian,Low-Carb Diet
61,21.87,182,Vegetarian,Low-Carb Diet
50,12.63,160,Keto,Balanced Diet
99,30.56,82,Keto,Balanced Diet
74,22.34,58,Vegetarian,High-Protein Diet
54,14.06,84,Vegetarian,High-Protein Diet
117,41.95,57,Vegan,Low-Fat Diet
55,15.56,124,Regular,High-Protein Diet
75,27.55,194,Vegan,Balanced Diet
104,38.2,129,Vegan,Balanced Diet
88,22.91,69,Keto,Low-Fat Diet
58,16.59,127,Regular,Balanced Diet
94,26.04,71,Regular,Balanced Diet
63,25.89,162,Vegetarian,Low-Carb Diet
104,39.14,120,Vegetarian,Low-Carb Diet
58,15.73,126,Regular,Low-Fat Diet
64,16.49,164,Regular,High-Protein Diet
86,28.41,130,Regular,Balanced Diet
99,30.22,134,Regular,Balanced Diet
70,20.02,190,Keto,High-Protein Diet
106,36.25,162,Vegan,High-Protein Diet
68,24.98,78,Regular,Low-Carb Diet
107,33.77,187,Regular,Low-Carb Diet
55,20.2,192,Regular,Low-Fat Diet
53,20.45,172,Vegan,High-Protein Diet
92,33.39,156,Regular,Low-Fat Diet
91,26.3,126,Keto,High-Protein Diet
52,16.79,84,Regular,Low-Carb Diet
50,16.51,103,Keto,Low-Fat Diet
104,39.63,198,Vegetarian,High-Protein Diet
64,25.96,161,Regular,High-Protein Diet
96,40.48,91,Regular,Low-Fat Diet
95,36.65,118,Vegan,Low-Fat Diet
107,29.64,183,Regular,Low-Carb Diet
88,38.09,179,Regular,Low-Carb Diet
52,15.36,170,Keto,Low-Fat Diet
79,23.85,52,Vegan,Low-Carb Diet
84,28.73,102,Keto,High-Protein Diet
106,26.77,59,Regular,Low-Carb Diet
78,20.94,73,Regular,Low-Carb Diet
99,39.66,161,Keto,Low-Carb Diet
111,30.75,133,Regular,High-Protein Diet
101,36.21,71,Vegetarian,Low-Carb Diet
63,15.91,110,Vegetarian,Low-Fat Diet
84,26.51,116,Vegetarian,High-Protein Diet
77,21.79,53,Regular,Low-Carb Diet
107,34.54,53,Vegetarian,High-Protein Diet
79,23.08,88,Keto,Low-Fat Diet
56,14.88,80,Regular,Balanced Diet
88,31.93,79,Vegetarian,Balanced Diet
118,35.24,142,Regular,High-Protein Diet
84,22.09,148,Regular,Low-Fat Diet
101,43.72,74,Vegetarian,Low-Fat Diet
63,26.56,107,Vegetarian,Balanced Diet
112,42.15,188,Regular,High-Protein Diet
85,36.79,155,Regular,Low-Carb Diet
73,24.68,95,Regular,Balanced Diet
89,25.18,138,Keto,Low-Fat Diet
78,24.34,70,Regular,Low-Fat Diet
102,25.76,179,Regular,Balanced Diet
71,18.86,88,Regular,Balanced Diet
64,21.63,148,Regular,High-Protein Diet
118,38.09,80,Keto,Low-Carb Diet
113,44.7,181,Regular,High-Protein Diet
53,17.51,116,Regular,Low-Fat Diet
67,25.53,190,Regular,Low-Fat Diet
91,33.43,172,Regular,High-Protein Diet
79,21.88,114,Vegetarian,Low-Fat Diet
64,19.11,136,Vegetarian,Low-Fat Diet
119,34.4,154,Keto,High-Protein Diet
104,35.57,190,Regular,Balanced Diet
102,37.02,178,Regular,High-Protein Diet
65,21.97,147,Vegetarian,High-Protein Diet
83,24.25,110,Regular,Low-Carb Diet
76,19.39,144,Regular,Low-Carb Diet
62,24.84,121,Regular,High-Protein Diet
76,33.33,179,Regular,Low-Fat Diet
118,36.02,61,Regular,Balanced Diet
80,20.2,105,Regular,Balanced Diet
52,17.78,143,Regular,High-Protein Diet
79,21.43,90,Regular,High-Protein Diet
70,26.67,170,Keto,Balanced Diet
55,22.31,163,Keto,Low-Carb Diet
81,36.0,129,Regular,Low-Carb Diet
91,33.02,179,Vegetarian,High-Protein Diet
111,42.82,115,Regular,Low-Carb Diet
81,34.6,197,Regular,Balanced Diet
88,33.53,106,Vegan,Low-Carb Diet
113,34.88,111,Regular,High-Protein Diet
79,21.88,135,Regular,Low-Fat Diet
112,46.02,184,Vegetarian,Low-Carb Diet
80,27.04,116,Regular,Low-Carb Diet
89,29.74,99,Regular,Low-Carb Diet
82,34.58,83,Regular,Low-Fat Diet
112,47.23,154,Regular,Balanced Diet
74,26.85,136,Keto,Low-Carb Diet
85,26.53,118,Regular,Low-Carb Diet
73,29.24,156,Vegetarian,Balanced Diet
107,44.54,116,Regular,Low-Carb Diet
88,29.07,137,Regular,Low-Fat Diet
95,33.66,164,Vegetarian,High-Protein Diet
59,21.67,92,Regular,Low-Carb Diet
81,28.03,70,Vegetarian,Low-Carb Diet
85,37.28,61,Vegan,Low-Fat Diet
77,30.46,81,Vegetarian,High-Protein Diet
65,23.88,162,Vegetarian,High-Protein Diet
65,18.79,147,Regular,Low-Carb Diet
67,24.91,136,Regular,Balanced Diet
57,21.72,104,Vegetarian,High-Protein Diet
119,45.34,117,Regular,High-Protein Diet
50,15.26,66,Vegetarian,Low-Fat Diet
111,29.49,75,Vegetarian,Low-Carb Diet
87,22.65,144,Regular,Balanced Diet
94,24.72,152,Regular,Low-Fat Diet
107,43.41,150,Keto,High-Protein Diet
50,13.56,153,Regular,Low-Fat Diet
81,29.04,187,Regular,Balanced Diet
57,16.65,149,Regular,High-Protein Diet
89,29.06,159,Vegetarian,Low-Fat Diet
105,41.53,100,Vegetarian,High-Protein Diet
112,34.57,83,Vegetarian,Low-Carb Diet
85,25.66,191,Vegetarian,Low-Carb Diet
106,33.46,150,Regular,Balanced Diet
94,39.64,87,Vegetarian,Low-Fat Diet
51,19.43,97,Regular,Low-Carb Diet
117,52.0,77,Regular,High-Protein Diet
99,33.46,169,Regular,Low-Fat Diet
78,21.84,171,Vegetarian,Low-Carb Diet
59,25.54,125,Regular,Low-Carb Diet
76,32.89,114,Regular,Balanced Diet
64,26.3,109,Regular,Balanced Diet
109,31.85,62,Regular,Low-Carb Diet
80,23.63,101,Regular,Balanced Diet
70,26.03,150,Regular,High-Protein Diet
109,30.51,153,Regular,Balanced Diet
107,46.31,92,Keto,High-Protein Diet
90,28.41,91,Regular,Low-Carb Diet
95,29.65,116,Vegetarian,Low-Carb Diet
94,26.6,118,Regular,Balanced Diet
75,26.89,128,Regular,Low-Fat Diet
100,39.06,159,Regular,Low-Fat Diet
85,23.06,166,Regular,High-Protein Diet
101,25.76,118,Vegetarian,Low-Carb Diet
100,28.6,147,Vegetarian,Low-Carb Diet
52,14.56,172,Vegetarian,High-Protein Diet
63,28.0,95,Regular,Low-Carb Diet
98,30.93,136,Regular,Low-Carb Diet
50,19.78,66,Vegetarian,High-Protein Diet
106,33.83,186,Keto,Low-Carb Diet
66,20.37,117,Keto,Balanced Diet
99,35.08,79,Vegetarian,Low-Carb Diet
63,27.27,144,Regular,Balanced Diet
108,31.56,110,Regular,High-Protein Diet
52,14.11,94,Keto,High-Protein Diet
89,33.09,89,Regular,High-Protein Diet
115,34.72,110,Keto,Low-Fat Diet
83,22.99,170,Regular,Balanced Diet
58,15.73,90,Regular,Low-Carb Diet
70,18.6,137,Regular,Low-Fat Diet
74,24.16,168,Regular,Low-Fat Diet
93,34.16,129,Vegetarian,High-Protein Diet
74,21.62,154,Regular,Balanced Diet
58,17.51,87,Keto,Balanced Diet
111,38.86,195,Regular,Balanced Diet
75,28.58,148,Vegetarian,Low-Fat Diet
106,32.0,54,Vegetarian,Low-Carb Diet
86,36.26,150,Vegetarian,High-Protein Diet
65,18.79,188,Keto,Low-Fat Diet
86,32.37,53,Regular,Balanced Diet
73,23.57,150,Keto,Low-Fat Diet
75,25.35,110,Vegan,Low-Fat Diet
69,25.97,173,Regular,Low-Carb Diet
58,16.24,164,Regular,Low-Fat Diet
78,33.32,61,Regular,Balanced Diet
80,22.63,98,Keto,Low-Carb Diet
68,24.09,160,Regular,Balanced Diet
69,17.96,77,Regular,Balanced Diet
76,32.47,83,Regular,Balanced Diet
93,29.03,55,Regular,High-Protein Diet
84,29.76,83,Keto,Low-Carb Diet
71,21.91,121,Vegan,Low-Fat Diet
64,19.75,65,Regular,Low-Fat Diet
62,24.84,129,Regular,Low-Carb Diet
53,20.2,65,Regular,Low-Carb Diet
105,39.52,165,Regular,Low-Fat Diet
72,18.93,164,Keto,Low-Fat Diet
83,32.83,133,Regular,Low-Carb Diet
66,17.01,191,Regular,Low-Fat Diet
77,23.77,171,Regular,Low-Carb Diet
63,18.21,108,Regular,Low-Fat Diet
83,28.06,196,Regular,High-Protein Diet
106,34.22,75,Vegetarian,Balanced Diet
104,43.29,68,Regular,High-Protein Diet
115,37.55,173,Vegetarian,Low-Fat Diet
86,37.72,177,Keto,Balanced Diet
117,31.09,98,Vegetarian,Low-Carb Diet
75,28.58,79,Keto,Low-Fat Diet
110,27.78,106,Keto,Balanced Diet
116,41.1,134,Regular,Low-Fat Diet
101,44.89,85,Keto,Balanced Diet
67,18.76,77,Regular,Balanced Diet
102,31.13,146,Regular,Balanced Diet
112,38.3,81,Keto,Low-Fat Diet
102,26.28,136,Vegetarian,Low-Fat Diet
76,23.99,125,Vegetarian,Balanced Diet
80,35.09,119,Keto,High-Protein Diet
50,14.0,136,Vegan,Low-Fat Diet
55,15.73,159,Regular,Low-Carb Diet
60,15.46,128,Regular,High-Protein Diet
83,32.42,81,Vegetarian,Low-Fat Diet
112,40.64,113,Vegan,Low-Carb Diet
102,27.67,126,Keto,Balanced Diet
67,27.18,176,Vegetarian,Low-Carb Diet
70,23.94,164,Vegetarian,Low-Fat Diet
68,29.05,146,Regular,Balanced Diet
53,20.7,168,Regular,Balanced Diet
78,31.64,88,Regular,Balanced Diet
74,29.64,94,Keto,High-Protein Diet
105,34.29,190,Keto,Balanced Diet
112,49.12,197,Regular,High-Protein Diet
76,27.92,107,Regular,Low-Fat Diet
109,33.64,196,Regular,Low-Fat Diet
98,40.79,140,Regular,Low-Fat Diet
114,39.45,186,Regular,Low-Fat Diet
87,28.41,126,Regular,High-Protein Diet
101,35.79,196,Regular,Low-Fat Diet
50,15.96,104,Regular,Balanced Diet
89,36.11,168,Regular,High-Protein Diet
70,26.35,155,Vegetarian,High-Protein Diet
64,21.38,88,Keto,High-Protein Diet
99,25.51,194,Keto,Low-Fat Diet
97,26.04,109,Vegetarian,Low-Fat Diet
81,23.41,91,Regular,Low-Fat Diet
98,32.0,179,Vegetarian,Balanced Diet
117,36.11,99,Keto,Balanced Diet
94,28.69,116,Regular,Balanced Diet
81,20.45,197,Keto,High-Protein Diet
53,14.68,50,Regular,Low-Carb Diet
114,50.0,182,Keto,High-Protein Diet
114,37.65,146,Vegetarian,Low-Fat Diet
67,17.99,175,Regular,Low-Carb Diet
103,45.17,136,Vegan,Balanced Diet
96,26.32,195,Vegetarian,Balanced Diet
55,24.44,117,Keto,Low-Fat Diet
115,33.6,154,Regular,Low-Carb Diet
58,22.38,146,Regular,Low-Carb Diet
117,46.87,71,Vegan,High-Protein Diet
72,21.04,79,Regular,Balanced Diet
92,25.48,139,Vegetarian,Low-Carb Diet
100,31.92,50,Regular,High-Protein Diet
74,21.16,119,Regular,Balanced Diet
84,25.36,130,Regular,High-Protein Diet
66,18.09,100,Regular,High-Protein Diet
67,17.62,117,Regular,Low-Carb Diet
76,25.99,123,Vegan,Low-Fat Diet
64,21.14,102,Regular,Low-Fat Diet
118,42.31,152,Regular,High-Protein Diet
64,26.64,83,Vegan,Low-Carb Diet
91,32.63,135,Vegetarian,Low-Fat Diet
83,30.49,184,Regular,High-Protein Diet
97,36.06,88,Keto,Low-Carb Diet
57,14.69,86,Keto,High-Protein Diet
59,23.94,112,Vegetarian,High-Protein Diet
54,20.58,64,Regular,High-Protein Diet
97,26.31,123,Keto,Low-Carb Diet
75,30.82,150,Vegan,High-Protein Diet
72,26.13,177,Regular,Balanced Diet
111,28.03,150,Regular,Low-Carb Diet
62,18.92,163,Regular,High-Protein Diet
58,19.84,117,Regular,Balanced Diet
69,26.29,159,Regular,Low-Fat Diet
106,27.59,110,Regular,Low-Fat Diet
73,24.68,74,Regular,Low-Carb Diet
82,25.88,84,Regular,Low-Fat Diet
69,23.6,132,Vegan,High-Protein Diet
109,48.44,108,Regular,Low-Carb Diet
97,30.61,114,Vegetarian,Low-Carb Diet
113,29.12,160,Vegan,High-Protein Diet
79,33.31,178,Keto,Low-Fat Diet
66,19.49,169,Keto,Balanced Diet
63,24.92,94,Vegetarian,Low-Fat Diet
68,24.09,68,Vegetarian,Low-Carb Diet
108,31.22,63,Regular,Low-Fat Diet
116,47.67,116,Keto,High-Protein Diet
93,24.46,165,Regular,High-Protein Diet
81,23.92,118,Vegetarian,Low-Fat Diet
60,15.94,55,Regular,Low-Carb Diet
51,19.43,133,Keto,Low-Fat Diet
117,46.28,95,Keto,Low-Carb Diet
66,28.95,91,Regular,Balanced Diet
89,37.04,80,Regular,Balanced Diet
95,38.54,82,Keto,Balanced Diet
53,15.49,101,Vegetarian,Low-Fat Diet
87,28.74,152,Regular,Low-Carb Diet
112,30.07,81,Vegan,High-Protein Diet
78,20.3,103,Keto,Low-Carb Diet
68,19.04,178,Regular,Low-Carb Diet
78,32.05,182,Regular,Low-Fat Diet
84,22.09,199,Vegetarian,Low-Carb Diet
119,40.22,155,Regular,Low-Carb Diet
72,25.51,170,Regular,Balanced Diet
95,24.98,182,Vegan,High-Protein Diet
93,31.8,57,Vegetarian,Balanced Diet
97,36.96,119,Regular,High-Protein Diet
101,34.95,112,Vegetarian,Balanced Diet
57,25.33,59,Regular,Low-Carb Diet
104,36.85,89,Regular,Balanced Diet
115,34.72,151,Vegetarian,Low-Fat Diet
89,38.02,129,Regular,Low-Fat Diet
80,21.93,105,Vegetarian,Low-Fat Diet
97,41.98,77,Regular,Low-Fat Diet
110,35.51,105,Vegan,Low-Carb Diet
101,27.98,50,Regular,High-Protein Diet
87,25.7,101,Vegetarian,Low-Fat Diet
85,27.13,111,Keto,Balanced Diet
104,43.29,157,Regular,Balanced Diet
62,25.81,167,Vegetarian,Low-Carb Diet
86,23.09,152,Vegan,Low-Fat Diet
96,32.45,86,Regular,Low-Carb Diet
71,21.43,188,Keto,Low-Carb Diet
88,32.32,78,Regular,High-Protein Diet
107,35.75,53,Regular,Low-Carb Diet
79,33.31,188,Regular,High-Protein Diet
67,18.56,79,Keto,Balanced Diet
67,18.37,128,Keto,Balanced Diet
88,33.53,128,Regular,High-Protein Diet
75,19.52,162,Vegetarian,High-Protein Diet
56,21.6,92,Regular,Low-Carb Diet
118,49.76,134,Vegetarian,Low-Carb Diet
114,32.95,88,Vegetarian,High-Protein Diet
95,29.32,188,Regular,Low-Carb Diet
67,21.39,145,Vegan,Low-Fat Diet
62,19.79,73,Vegan,High-Protein Diet
74,23.1,86,Keto,Balanced Diet
57,20.44,114,Regular,Balanced Diet
81,21.75,81,Keto,Balanced Diet
66,21.31,102,Regular,High-Protein Diet
97,28.65,178,Vegetarian,Balanced Diet
112,36.57,158,Vegetarian,Low-Fat Diet
89,25.18,55,Vegetarian,Low-Carb Diet
64,16.32,144,Vegan,Low-Fat Diet
55,19.72,63,Vegetarian,Balanced Diet
112,33.81,118,Keto,Balanced Diet
57,18.83,135,Regular,Low-Fat Diet
81,25.0,100,Regular,Low-Fat Diet
94,27.17,62,Regular,High-Protein Diet
101,44.3,125,Regular,Low-Fat Diet
62,18.72,154,Vegan,Low-Carb Diet
73,20.65,181,Vegan,Low-Fat Diet
89,24.14,87,Regular,Balanced Diet
63,17.09,181,Regular,High-Protein Diet
119,36.32,103,Vegan,Low-Fat Diet
111,39.8,114,Regular,High-Protein Diet
110,39.92,72,Keto,Balanced Diet
50,14.93,109,Regular,Low-Carb Diet
115,32.54,105,Vegetarian,High-Protein Diet
81,33.28,149,Vegetarian,Balanced Diet
62,17.0,136,Keto,Low-Carb Diet
82,24.22,83,Vegetarian,Low-Fat Diet
81,25.28,88,Regular,Low-Fat Diet
105,40.51,91,Regular,Low-Fat Diet
73,21.56,115,Keto,Low-Carb Diet
53,20.7,197,Regular,Balanced Diet
72,19.33,63,Vegan,Low-Fat Diet
78,33.32,86,Regular,High-Protein Diet
70,23.12,86,Vegetarian,Balanced Diet
79,20.36,165,Keto,Low-Fat Diet
69,21.06,61,Vegetarian,Low-Carb Diet
65,22.76,185,Keto,High-Protein Diet
116,29.29,198,Keto,Low-Fat Diet
98,30.25,195,Keto,Balanced Diet
107,45.71,161,Keto,Low-Fat Diet
93,26.59,112,Regular,Balanced Diet
74,19.26,186,Vegetarian,Low-Fat Diet
72,32.0,136,Vegan,Low-Carb Diet
108,46.75,79,Regular,Balanced Diet
50,14.45,135,Keto,High-Protein Diet
64,21.89,108,Vegetarian,High-Protein Diet
101,36.65,104,Regular,High-Protein Diet
107,40.27,99,Regular,Balanced Diet
90,24.93,191,Keto,Low-Carb Diet
93,27.47,95,Regular,High-Protein Diet
53,20.2,84,Regular,High-Protein Diet
117,34.56,147,Regular,Low-Fat Diet
56,15.19,151,Regular,High-Protein Diet
95,41.66,91,Regular,Low-Carb Diet
58,15.1,68,Regular,Low-Carb Diet
82,31.25,103,Keto,Low-Carb Diet
82,30.12,194,Regular,Low-Carb Diet
53,19.0,60,Regular,Low-Carb Diet
114,46.84,176,Vegetarian,Balanced Diet
83,22.05,158,Vegetarian,Low-Carb Diet
113,33.02,141,Regular,Low-Fat Diet
74,20.5,180,Regular,High-Protein Diet
104,32.46,187,Regular,Balanced Diet
58,15.9,73,Vegetarian,Low-Fat Diet
66,18.28,105,Regular,Low-Carb Diet
70,28.76,172,Vegan,High-Protein Diet
109,40.53,75,Vegetarian,Low-Fat Diet
62,17.36,118,Keto,Low-Fat Diet
52,18.42,120,Regular,Low-Carb Diet
117,31.74,125,Vegetarian,High-Protein Diet
53,15.32,85,Vegan,High-Protein Diet
56,24.56,66,Regular,Low-Fat Diet
75,20.56,67,Vegetarian,Low-Fat Diet
73,18.81,145,Vegan,Low-Fat Diet
59,22.48,115,Keto,Low-Fat Diet
62,17.36,162,Regular,Low-Fat Diet
93,25.76,187,Regular,Low-Fat Diet
88,23.87,88,Keto,Low-Fat Diet
68,18.45,191,Keto,Balanced Diet
100,30.86,165,Regular,Low-Carb Diet
68,24.98,187,Vegetarian,High-Protein Diet
101,27.69,104,Keto,Low-Carb Diet
96,25.77,175,Keto,Low-Fat Diet
79,32.88,89,Regular,Low-Fat Diet
95,30.32,173,Regular,Low-Carb Diet
70,21.37,112,Keto,High-Protein Diet
97,26.04,154,Regular,Low-Carb Diet
111,43.91,58,Regular,Balanced Diet
107,27.02,186,Regular,Balanced Diet
67,24.02,188,Regular,Low-Fat Diet
108,46.14,134,Regular,Balanced Diet
97,38.86,162,Keto,High-Protein Diet
112,46.02,73,Regular,Low-Carb Diet
61,15.4,50,Vegetarian,High-Protein Diet
83,33.67,110,Regular,High-Protein Diet
110,29.84,134,Vegetarian,Low-Carb Diet
102,41.91,70,Regular,Balanced Diet
74,20.5,53,Vegan,Low-Fat Diet
111,31.07,149,Keto,Low-Fat Diet
53,22.94,107,Regular,Low-Fat Diet
62,22.5,184,Vegetarian,Low-Fat Diet
91,39.91,178,Regular,Low-Carb Diet
98,36.44,126,Vegetarian,Low-Carb Diet
105,27.61,172,Regular,High-Protein Diet
96,30.3,185,Regular,Balanced Diet
57,14.39,166,Vegetarian,Balanced Diet
104,26.8,109,Vegetarian,Balanced Diet
67,22.91,135,Vegetarian,High-Protein Diet
84,35.88,163,Regular,Low-Fat Diet
81,33.71,58,Keto,Low-Fat Diet
73,20.88,122,Keto,Low-Carb Diet
56,18.29,177,Regular,Low-Carb Diet
62,24.22,131,Keto,Low-Fat Diet
118,38.53,66,Regular,Balanced Diet
91,33.02,56,Regular,Balanced Diet
80,26.73,152,Regular,Low-Carb Diet
75,23.94,100,Regular,High-Protein Diet
81,23.92,193,Regular,Low-Fat Diet
101,31.17,141,Regular,Balanced Diet
69,26.29,74,Regular,Balanced Diet
89,26.29,71,Regular,Balanced Diet
108,39.67,83,Regular,Low-Fat Diet
63,23.42,192,Vegetarian,High-Protein Diet
93,25.23,65,Regular,Low-Fat Diet
97,34.78,65,Regular,Low-Carb Diet
92,23.95,87,Regular,High-Protein Diet
65,18.79,135,Vegetarian,Low-Fat Diet
84,21.64,142,Regular,Low-Carb Diet
102,26.28,137,Keto,Low-Carb Diet
83,21.17,154,Keto,High-Protein Diet
52,14.4,99,Keto,High-Protein Diet
117,37.77,87,Regular,Low-Carb Diet
54,15.95,72,Regular,Low-Fat Diet
59,15.68,138,Keto,Low-Fat Diet
101,29.83,85,Keto,High-Protein Diet
78,24.9,147,Keto,High-Protein Diet
80,22.63,190,Keto,High-Protein Diet
115,32.89,146,Vegan,High-Protein Diet
118,47.27,154,Keto,Balanced Diet
86,33.18,159,Vegetarian,High-Protein Diet
76,28.26,181,Regular,Low-Carb Diet
82,28.37,166,Regular,High-Protein Diet
117,34.56,85,Regular,Low-Fat Diet
108,29.6,175,Keto,Balanced Diet
113,34.11,103,Regular,Low-Carb Diet
93,32.95,128,Regular,Balanced Diet
98,33.13,109,Keto,Low-Carb Diet
102,38.87,191,Regular,Low-Fat Diet
98,26.31,176,Keto,Balanced Diet
115,51.11,109,Keto,Balanced Diet
112,35.35,109,Regular,Balanced Diet
74,24.73,71,Regular,High-Protein Diet
53,19.47,114,Regular,Low-Carb Diet
100,33.03,168,Vegetarian,Low-Carb Diet
60,20.28,160,Keto,Low-Carb Diet
66,21.07,151,Regular,High-Protein Diet
115,29.94,199,Vegan,Balanced Diet
119,43.71,174,Regular,Low-Fat Diet
118,32.01,135,Regular,Low-Fat Diet
78,22.31,53,Vegan,High-Protein Diet
69,26.95,163,Vegetarian,Low-Fat Diet
76,32.89,153,Vegetarian,High-Protein Diet
57,21.19,56,Vegan,High-Protein Diet
110,48.89,148,Vegan,Low-Carb Diet
77,31.64,151,Vegetarian,High-Protein Diet
119,52.89,142,Regular,Balanced Diet
52,13.26,54,Regular,Low-Carb Diet
118,36.02,131,Vegan,High-Protein Diet
56,22.43,139,Vegetarian,High-Protein Diet
109,34.4,104,Regular,Low-Carb Diet
53,17.31,51,Vegan,High-Protein Diet
54,18.25,144,Vegetarian,Low-Fat Diet
60,15.94,138,Vegan,High-Protein Diet
64,17.36,71,Vegetarian,Low-Fat Diet
113,35.66,70,Regular,High-Protein Diet
62,17.73,64,Vegetarian,Balanced Diet
56,16.91,60,Keto,Low-Fat Diet
55,22.6,95,Keto,Low-Carb Diet
105,40.51,120,Regular,Balanced Diet
113,34.88,176,Regular,Balanced Diet
99,30.22,191,Vegetarian,High-Protein Diet
79,27.66,89,Keto,Balanced Diet
71,25.77,168,Regular,High-Protein Diet
74,21.62,119,Vegan,Low-Fat Diet
77,33.33,95,Vegan,Low-Carb Diet
88,39.11,121,Regular,Balanced Diet
116,29.29,85,Regular,Balanced Diet
54,17.43,105,Vegan,Low-Carb Diet
114,29.68,189,Regular,High-Protein Diet
64,17.92,126,Vegetarian,High-Protein Diet
116,35.02,68,Regular,Balanced Diet
89,31.16,199,Regular,Low-Carb Diet
118,44.41,61,Regular,Low-Carb Diet
92,26.88,81,Vegan,Low-Fat Diet
50,21.08,87,Regular,Balanced Diet
71,24.0,87,Keto,High-Protein Diet
111,29.49,129,Regular,Low-Fat Diet
75,27.89,61,Vegetarian,Low-Fat Diet
67,27.89,150,Regular,Balanced Diet
97,29.28,95,Regular,Balanced Diet
58,20.55,129,Vegetarian,Low-Fat Diet
50,19.05,118,Regular,Low-Carb Diet
58,18.31,120,Vegetarian,Balanced Diet
72,29.97,75,Vegetarian,High-Protein Diet
94,34.95,126,Vegetarian,Balanced Diet
51,18.73,95,Vegan,High-Protein Diet
63,21.05,194,Vegan,High-Protein Diet
87,29.41,175,Keto,Low-Fat Diet
89,22.93,184,Regular,Low-Carb Diet
112,44.3,155,Keto,Low-Fat Diet
65,18.01,113,Keto,Balanced Diet
55,15.24,168,Regular,High-Protein Diet
52,13.26,158,Vegan,Low-Carb Diet
63,22.86,174,Regular,Balanced Diet
115,29.33,168,Regular,Low-Carb Diet
116,31.14,102,Keto,High-Protein Diet
80,21.26,191,Regular,Low-Fat Diet
82,25.59,86,Regular,Low-Fat Diet
50,13.42,62,Regular,Low-Carb Diet
93,24.46,121,Vegetarian,Balanced Diet
64,25.32,101,Regular,Low-Carb Diet
86,30.47,150,Regular,Low-Carb Diet
76,23.99,197,Regular,Low-Fat Diet
97,42.54,117,Vegetarian,Balanced Diet
76,22.21,178,Regular,Low-Carb Diet
61,21.61,160,Regular,Balanced Diet
116,47.67,124,Regular,Balanced Diet
79,25.8,130,Vegetarian,High-Protein Diet
115,42.76,89,Keto,High-Protein Diet
56,14.58,197,Vegan,High-Protein Diet
83,23.74,84,Regular,Low-Carb Diet
81,35.06,128,Regular,Low-Fat Diet
88,25.17,190,Vegan,High-Protein Diet
92,33.79,139,Regular,Low-Carb Diet
92,40.35,62,Keto,Balanced Diet
52,16.05,97,Vegan,High-Protein Diet
95,30.32,99,Vegan,Balanced Diet
81,33.28,158,Vegan,High-Protein Diet
92,28.71,127,Regular,High-Protein Diet
52,14.11,101,Regular,Low-Fat Diet
112,46.02,147,Regular,Low-Fat Diet
89,26.0,165,Vegan,Low-Fat Diet
67,21.15,142,Keto,High-Protein Diet
116,38.76,76,Vegetarian,Low-Carb Diet
111,31.41,126,Vegan,Low-Carb Diet
59,25.2,116,Vegan,Low-Carb Diet
101,31.88,152,Keto,Low-Fat Diet
95,25.5,151,Keto,Balanced Diet
104,43.85,108,Regular,High-Protein Diet
95,29.98,129,Vegetarian,Balanced Diet
109,34.02,135,Regular,Low-Fat Diet
75,23.67,180,Regular,Balanced Diet
76,24.82,118,Vegan,Balanced Diet
87,30.82,128,Keto,Balanced Diet
71,23.18,64,Vegan,Low-Carb Diet
75,21.68,126,Vegetarian,Low-Carb Diet
118,38.09,195,Regular,Low-Carb Diet
84,26.22,59,Vegan,Low-Fat Diet
115,35.89,177,Keto,Low-Carb Diet
100,43.28,106,Vegan,Low-Fat Diet
67,18.17,52,Vegetarian,High-Protein Diet
92,37.8,112,Regular,Low-Fat Diet
61,15.56,118,Regular,Low-Carb Diet
52,20.83,147,Keto,Low-Carb Diet
56,15.51,174,Regular,High-Protein Diet
55,15.08,104,Regular,Low-Carb Diet
94,35.82,107,Regular,Balanced Diet
88,32.72,111,Regular,Low-Carb Diet
100,42.17,56,Vegan,Balanced Diet
58,18.31,68,Regular,Low-Carb Diet
72,21.27,167,Regular,Balanced Diet
61,19.69,68,Regular,Low-Carb Diet
111,35.83,130,Regular,High-Protein Diet
89,36.11,198,Vegetarian,Balanced Diet
103,31.44,156,Regular,Low-Fat Diet
56,19.61,50,Keto,Low-Carb Diet
66,26.11,131,Keto,Low-Fat Diet
99,37.72,73,Vegetarian,Balanced Diet
73,23.04,76,Regular,Balanced Diet
51,15.06,116,Keto,Low-Carb Diet
82,33.27,166,Regular,Low-Carb Diet
70,22.09,53,Vegan,High-Protein Diet
102,31.48,177,Keto,Low-Carb Diet
95,26.32,178,Keto,Low-Carb Diet
94,29.34,93,Regular,Low-Carb Diet
58,19.84,158,Regular,Balanced Diet
55,19.03,139,Keto,Low-Carb Diet
100,38.58,152,Regular,Low-Fat Diet
84,32.81,53,Keto,High-Protein Diet
102,44.73,182,Keto,High-Protein Diet
68,17.17,174,Regular,Low-Carb Diet
118,32.69,101,Vegetarian,Balanced Diet
74,32.45,60,Regular,Low-Fat Diet
60,17.92,180,Keto,High-Protein Diet
66,28.57,67,Regular,Low-Carb Diet
85,31.22,79,Regular,Balanced Diet
70,29.9,143,Regular,High-Protein Diet
67,22.65,194,Keto,Balanced Diet
109,27.52,129,Vegetarian,High-Protein Diet
67,23.46,82,Keto,Low-Carb Diet
50,16.51,160,Regular,Low-Fat Diet
63,19.66,115,Vegetarian,Low-Carb Diet
57,20.44,182,Regular,Low-Carb Diet
115,31.52,52,Keto,Low-Fat Diet
100,39.06,153,Keto,Balanced Diet
109,34.4,191,Keto,High-Protein Diet
83,30.12,171,Keto,High-Protein Diet
85,27.76,182,Regular,Low-Fat Diet
111,37.52,109,Regular,Low-Fat Diet
50,12.88,132,Regular,Low-Carb Diet
91,31.86,124,Regular,Low-Fat Diet
50,13.29,56,Regular,Low-Fat Diet
103,45.17,190,Keto,High-Protein Diet
96,32.08,164,Regular,Low-Carb Diet
88,27.16,161,Regular,Low-Carb Diet
79,25.5,189,Regular,Low-Carb Diet
56,24.56,80,Keto,Low-Fat Diet
71,26.72,64,Keto,Balanced Diet
99,42.29,146,Regular,Balanced Diet
94,23.98,60,Vegetarian,Balanced Diet
59,22.48,152,Regular,High-Protein Diet
63,18.41,58,Keto,Low-Carb Diet
95,28.06,101,Regular,Balanced Diet
55,14.77,189,Regular,Balanced Diet
70,28.4,132,Keto,High-Protein Diet
111,48.68,61,Keto,Balanced Diet
68,28.3,137,Regular,Balanced Diet
111,34.26,122,Vegan,Balanced Diet
102,40.35,189,Vegan,Balanced Diet
73,19.6,158,Regular,Low-Carb Diet
105,36.33,86,Vegan,Low-Carb Diet
111,30.43,182,Regular,Low-Fat Diet
83,32.83,58,Regular,Low-Carb Diet
71,24.0,197,Vegan,Balanced Diet
117,50.64,119,Regular,Low-Carb Diet
106,32.36,163,Vegetarian,High-Protein Diet
59,20.66,175,Vegetarian,Low-Carb Diet
115,45.49,190,Regular,Low-Fat Diet
57,17.99,129,Vegetarian,Low-Fat Diet
87,24.1,182,Regular,Balanced Diet
111,29.19,167,Keto,Low-Carb Diet
77,22.99,130,Keto,Low-Carb Diet
59,17.05,111,Vegan,High-Protein Diet
94,32.91,59,Regular,Low-Fat Diet
114,46.25,56,Keto,High-Protein Diet
116,47.67,188,Vegetarian,Low-Fat Diet
58,24.14,100,Vegetarian,Balanced Diet
54,21.09,113,Regular,Low-Carb Diet
59,15.84,80,Keto,High-Protein Diet
61,21.87,161,Regular,Low-Fat Diet
107,29.33,50,Keto,Low-Fat Diet
70,22.09,138,Regular,Low-Carb Diet
70,23.12,141,Regular,Low-Fat Diet
114,39.45,100,Regular,Low-Fat Diet
52,13.68,142,Vegetarian,High-Protein Diet
118,51.07,199,Vegetarian,Low-Carb Diet
113,40.52,95,Regular,High-Protein Diet
98,32.74,194,Keto,High-Protein Diet
66,17.18,62,Regular,Low-Carb Diet
81,23.16,129,Vegetarian,Low-Fat Diet
119,47.07,172,Keto,Balanced Diet
70,22.6,164,Keto,High-Protein Diet
56,21.6,125,Regular,Low-Fat Diet
56,23.01,162,Vegan,Low-Fat Diet
76,27.58,88,Regular,Balanced Diet
57,25.33,68,Regular,High-Protein Diet
77,19.44,110,Regular,Balanced Diet
115,37.55,145,Keto,Balanced Diet
96,35.69,182,Keto,High-Protein Diet
59,17.81,106,Regular,High-Protein Diet
82,23.7,96,Regular,Low-Carb Diet
56,14.58,128,Keto,High-Protein Diet
52,16.05,50,Keto,Balanced Diet
63,18.61,84,Regular,Low-Fat Diet
93,41.33,197,Keto,Low-Carb Diet
95,38.54,96,Regular,Low-Carb Diet
110,42.44,73,Regular,Low-Carb Diet
85,30.12,89,Regular,Low-Carb Diet
62,20.48,123,Keto,Balanced Diet
65,19.84,127,Vegan,High-Protein Diet
54,20.83,175,Regular,Balanced Diet
87,33.15,142,Keto,Balanced Diet
99,31.6,169,Regular,High-Protein Diet
87,38.67,187,Regular,Low-Carb Diet
105,43.7,166,Regular,Balanced Diet
112,45.44,51,Regular,Low-Carb Diet
97,41.44,72,Regular,Low-Fat Diet
108,45.54,131,Vegetarian,High-Protein Diet
93,30.72,188,Regular,Low-Carb Diet
104,35.57,150,Regular,High-Protein Diet
104,33.2,174,Regular,Low-Carb Diet
50,14.15,146,Vegetarian,Low-Fat Diet
57,19.27,112,Regular,High-Protein Diet
53,22.64,85,Regular,Low-Fat Diet
102,43.57,138,Regular,Low-Fat Diet
107,27.85,72,Vegan,Low-Fat Diet
86,29.76,112,Regular,High-Protein Diet
98,28.33,82,Vegan,Low-Fat Diet
116,32.13,68,Regular,High-Protein Diet
68,29.82,72,Regular,Low-Carb Diet
50,20.55,159,Regular,Balanced Diet
78,19.9,135,Regular,Low-Fat Diet
82,30.12,53,Keto,Low-Carb Diet
101,36.65,146,Vegan,Low-Fat Diet
90,31.51,133,Vegetarian,Low-Carb Diet
72,24.34,177,Vegetarian,Low-Carb Diet
54,16.12,145,Keto,Low-Carb Diet
106,41.41,161,Vegetarian,Low-Fat Diet
55,16.42,192,Vegetarian,Balanced Diet
98,29.59,170,Vegetarian,Balanced Diet
71,23.18,66,Keto,High-Protein Diet
53,23.24,199,Regular,Balanced Diet
113,38.2,74,Regular,Low-Fat Diet
86,23.82,63,Keto,High-Protein Diet
80,27.36,159,Regular,Low-Fat Diet
86,25.68,99,Regular,Low-Fat Diet
94,34.95,79,Keto,Low-Fat Diet
57,22.55,71,Regular,Balanced Diet
89,33.09,132,Regular,High-Protein Diet
54,14.8,151,Regular,Low-Carb Diet
77,24.3,53,Regular,Low-Fat Diet
58,19.61,121,Regular,Balanced Diet
51,18.51,94,Regular,High-Protein Diet
112,44.86,165,Keto,Balanced Diet
100,25.25,123,Regular,Low-Fat Diet
80,23.37,163,Vegan,Balanced Diet
56,22.43,77,Regular,Low-Carb Diet
79,29.02,134,Regular,Low-Fat Diet
107,31.26,114,Regular,Balanced Diet
52,13.4,147,Keto,Balanced Diet
100,30.19,188,Vegetarian,Low-Carb Diet
105,32.41,193,Regular,Low-Fat Diet
59,24.56,144,Regular,Balanced Diet
110,43.51,130,Regular,Low-Carb Diet
99,36.36,129,Regular,High-Protein Diet
96,41.01,50,Regular,Balanced Diet
50,17.1,79,Regular,Low-Carb Diet
106,40.39,172,Regular,Low-Fat Diet
87,31.96,76,Vegetarian,Low-Fat Diet
111,35.03,150,Keto,Balanced Diet
119,49.53,129,Vegetarian,Low-Carb Diet
114,37.22,137,Vegan,Low-Fat Diet
111,43.36,137,Regular,Low-Carb Diet
105,35.08,144,Keto,Low-Fat Diet
116,36.61,179,Regular,Low-Fat Diet
66,28.57,120,Vegetarian,High-Protein Diet
57,22.55,161,Vegetarian,Low-Fat Diet
109,48.44,136,Regular,Balanced Diet
89,24.14,142,Vegan,Balanced Diet
111,36.24,84,Vegetarian,Low-Carb Diet
90,34.72,143,Keto,Low-Fat Diet
61,22.96,163,Vegetarian,High-Protein Diet
103,34.02,128,Vegetarian,Balanced Diet
60,24.34,65,Regular,Balanced Diet
109,29.57,57,Vegetarian,Low-Carb Diet
117,49.98,110,Regular,Balanced Diet
95,30.32,141,Keto,High-Protein Diet
87,35.75,89,Vegan,Low-Fat Diet
110,43.51,134,Regular,Balanced Diet
66,19.28,76,Regular,Balanced Diet
115,50.44,134,Vegetarian,Low-Carb Diet
85,27.76,173,Vegetarian,Low-Carb Diet
56,14.14,168,Keto,High-Protein Diet
65,24.46,78,Regular,Balanced Diet
63,23.14,174,Vegetarian,Low-Carb Diet
74,20.07,168,Keto,Low-Fat Diet
53,14.53,73,Regular,Low-Fat Diet
78,28.31,134,Regular,High-Protein Diet
105,27.61,177,Keto,High-Protein Diet
55,18.81,185,Vegan,Balanced Diet
50,21.36,131,Regular,High-Protein Diet
88,31.18,196,Vegetarian,Low-Fat Diet
50,21.93,75,Vegan,Balanced Diet
112,31.69,119,Vegetarian,Low-Fat Diet
106,42.46,75,Vegan,Low-Carb Diet
116,41.1,141,Vegan,Balanced Diet
114,41.87,86,Regular,Low-Fat Diet
114,37.65,138,Keto,Low-Fat Diet
70,18.04,144,Regular,High-Protein Diet
79,28.33,55,Regular,Balanced Diet
82,27.72,114,Keto,Low-Carb Diet
97,33.56,153,Keto,Low-Carb Diet
71,27.73,186,Regular,High-Protein Diet
103,29.14,198,Vegetarian,Low-Carb Diet
53,14.68,116,Regular,Low-Fat Diet
104,44.43,182,Vegetarian,Balanced Diet
93,30.72,86,Regular,Balanced Diet
61,18.62,126,Regular,Low-Carb Diet
101,31.52,78,Vegan,Low-Fat Diet
114,30.29,141,Vegetarian,High-Protein Diet
114,37.22,98,Keto,High-Protein Diet
59,17.24,187,Keto,Low-Carb Diet
67,20.01,147,Regular,Low-Fat Diet
96,38.46,64,Vegetarian,High-Protein Diet
115,44.37,104,Vegetarian,Balanced Diet
98,42.98,104,Keto,High-Protein Diet
71,20.3,191,Vegetarian,High-Protein Diet
75,31.62,160,Regular,Low-Carb Diet
58,24.46,110,Regular,Low-Carb Diet
70,23.94,54,Keto,Low-Fat Diet
112,47.23,55,Regular,Balanced Diet
55,23.5,190,Regular,Low-Fat Diet
63,25.24,62,Regular,Low-Carb Diet
82,25.88,95,Vegan,Low-Carb Diet
73,24.96,146,Vegan,High-Protein Diet
100,32.28,177,Keto,Low-Fat Diet
51,20.17,198,Regular,Balanced Diet
64,23.51,121,Regular,High-Protein Diet
84,23.03,83,Vegetarian,High-Protein Diet
85,23.3,102,Regular,Low-Fat Diet
88,34.81,80,Keto,Low-Carb Diet
53,22.06,133,Vegan,Low-Fat Diet
113,28.82,137,Vegetarian,Low-Carb Diet
55,23.19,176,Keto,High-Protein Diet
106,44.12,124,Regular,Balanced Diet
79,20.56,191,Regular,Balanced Diet
116,38.31,133,Keto,Low-Carb Diet
64,16.16,149,Vegetarian,Balanced Diet
66,28.19,152,Regular,Low-Fat Diet
67,18.76,123,Regular,Low-Carb Diet
68,17.52,118,Vegetarian,High-Protein Diet
118,36.02,117,Regular,Balanced Diet
73,21.56,162,Vegetarian,Low-Carb Diet
97,38.37,197,Regular,Balanced Diet
79,23.59,175,Regular,Low-Carb Diet
64,18.7,92,Regular,Balanced Diet
96,39.96,182,Keto,Balanced Diet
93,25.23,142,Regular,Low-Fat Diet
76,19.99,159,Regular,Low-Carb Diet
113,41.51,135,Regular,High-Protein Diet
90,31.89,94,Regular,Low-Carb Diet
117,34.94,157,Vegan,Low-Fat Diet
54,17.84,120,Regular,High-Protein Diet
102,31.48,199,Regular,Low-Fat Diet
57,14.54,90,Vegetarian,Low-Carb Diet
71,19.67,107,Vegetarian,High-Protein Diet
56,20.32,77,Regular,High-Protein Diet
71,18.48,104,Regular,Low-Carb Diet
95,29.65,100,Vegan,High-Protein Diet
79,22.35,85,Vegetarian,High-Protein Diet
65,20.06,55,Vegetarian,Low-Fat Diet
54,19.13,100,Keto,Low-Carb Diet
116,34.26,171,Regular,High-Protein Diet
72,22.72,102,Keto,High-Protein Diet
110,48.89,188,Regular,High-Protein Diet
54,23.07,194,Vegetarian,Low-Carb Diet
72,22.98,95,Regular,Low-Fat Diet
74,26.53,131,Keto,Low-Fat Diet
57,18.61,126,Vegetarian,Low-Carb Diet
70,19.6,90,Regular,High-Protein Diet
51,18.07,100,Regular,High-Protein Diet
71,29.55,60,Keto,Low-Fat Diet
117,52.0,100,Regular,Low-Fat Diet
113,45.84,76,Keto,Balanced Diet
68,20.53,98,Vegetarian,Balanced Diet
102,27.67,65,Keto,High-Protein Diet
101,34.95,99,Regular,Balanced Diet
96,32.08,192,Vegan,Low-Fat Diet
103,34.02,63,Regular,Balanced Diet
93,24.21,75,Regular,Low-Carb Diet
56,15.19,89,Keto,Low-Carb Diet
50,17.72,67,Regular,Balanced Diet
112,35.35,159,Keto,High-Protein Diet
88,34.81,195,Vegetarian,Balanced Diet
68,26.23,50,Vegetarian,Low-Carb Diet
80,24.15,65,Keto,Balanced Diet
73,30.0,150,Vegetarian,Balanced Diet
118,42.82,198,Keto,Balanced Diet
114,45.09,168,Regular,Low-Fat Diet
82,25.31,180,Keto,Low-Carb Diet
108,44.95,57,Regular,Balanced Diet
82,29.76,148,Regular,Low-Fat Diet
81,20.45,67,Regular,High-Protein Diet
108,31.22,139,Regular,Low-Fat Diet
90,32.27,74,Regular,Balanced Diet
61,19.92,67,Keto,Balanced Diet
60,15.3,73,Vegetarian,Balanced Diet
68,24.98,118,Regular,Balanced Diet
103,41.79,123,Vegetarian,Low-Fat Diet
106,35.42,60,Keto,Low-Fat Diet
91,34.67,53,Vegan,Low-Carb Diet
80,25.25,59,Regular,Balanced Diet
101,30.83,150,Keto,Low-Carb Diet
51,17.04,61,Regular,Low-Carb Diet
87,31.96,123,Vegan,High-Protein Diet
81,31.64,189,Regular,Balanced Diet
59,18.01,182,Vegetarian,Low-Carb Diet
57,23.73,140,Regular,Low-Fat Diet
69,20.38,54,Keto,Low-Carb Diet
69,20.83,72,Keto,Low-Carb Diet
58,20.8,95,Regular,Balanced Diet
64,18.5,179,Vegetarian,Balanced Diet
112,42.68,175,Regular,High-Protein Diet
70,27.69,143,Vegan,Low-Fat Diet
54,15.61,123,Vegetarian,Low-Carb Diet
84,27.43,50,Regular,Low-Carb Diet
117,30.77,190,Regular,High-Protein Diet
97,35.2,85,Regular,High-Protein Diet
111,49.33,111,Regular,High-Protein Diet
84,27.74,112,Regular,Low-Carb Diet
119,35.53,116,Regular,Low-Fat Diet
70,19.81,157,Vegetarian,High-Protein Diet
88,34.81,65,Vegetarian,Low-Fat Diet
83,29.06,97,Vegetarian,Low-Fat Diet
64,26.3,160,Vegetarian,Balanced Diet
55,20.2,54,Regular,High-Protein Diet
115,33.24,87,Regular,Low-Fat Diet
105,33.14,130,Keto,Low-Carb Diet
98,37.81,131,Vegetarian,Balanced Diet
50,18.14,162,Keto,Low-Carb Diet
114,29.37,102,Regular,High-Protein Diet
77,26.96,103,Regular,High-Protein Diet
69,22.53,145,Keto,Low-Fat Diet
97,24.99,69,Keto,High-Protein Diet
114,40.39,104,Regular,High-Protein Diet
100,26.03,71,Vegan,Balanced Diet
92,35.49,100,Regular,Low-Fat Diet
98,33.91,189,Keto,Low-Fat Diet
74,20.28,103,Regular,Balanced Diet
90,26.87,102,Regular,Low-Fat Diet
113,46.43,137,Regular,Low-Carb Diet
110,29.23,87,Regular,Low-Carb Diet
61,18.02,152,Vegetarian,Balanced Diet
118,43.87,141,Vegan,Low-Fat Diet
63,28.0,189,Regular,Low-Carb Diet
83,27.1,144,Keto,Low-Carb Diet
97,28.65,141,Keto,High-Protein Diet
110,36.33,135,Regular,Low-Carb Diet
84,23.03,56,Keto,Low-Fat Diet
114,42.39,117,Regular,Low-Fat Diet
108,36.93,176,Vegetarian,Low-Carb Diet
85,35.38,174,Regular,High-Protein Diet
68,25.28,169,Vegetarian,High-Protein Diet
91,30.41,94,Regular,Low-Carb Diet
118,40.83,187,Regular,Balanced Diet
68,27.94,155,Regular,Low-Carb Diet
88,27.77,181,Keto,Low-Carb Diet
118,36.02,73,Regular,Low-Fat Diet
101,30.83,134,Regular,Balanced Diet
61,25.72,131,Vegan,Low-Fat Diet
96,41.01,121,Regular,High-Protein Diet
85,29.07,72,Regular,Low-Carb Diet
112,40.16,58,Vegan,High-Protein Diet
100,29.54,74,Regular,Low-Carb Diet
92,33.39,81,Regular,Balanced Diet
83,20.96,184,Regular,Low-Carb Diet
98,24.75,146,Regular,Balanced Diet
67,22.39,111,Vegetarian,Balanced Diet
110,48.24,194,Keto,Balanced Diet
106,40.39,135,Regular,Low-Fat Diet
54,20.08,107,Vegetarian,High-Protein Diet
73,30.78,78,Regular,Low-Fat Diet
113,48.91,105,Regular,Low-Carb Diet
108,31.22,166,Vegan,Low-Carb Diet
87,25.15,164,Regular,Balanced Diet
82,23.7,112,Vegan,Balanced Diet
59,25.54,96,Vegetarian,Balanced Diet
86,25.4,123,Regular,High-Protein Diet
60,20.28,64,Regular,Low-Fat Diet
73,23.3,169,Vegetarian,Low-Fat Diet
70,21.85,106,Vegetarian,Low-Carb Diet
69,24.74,184,Regular,Low-Carb Diet
59,17.24,151,Vegetarian,Low-Carb Diet
96,28.98,67,Vegetarian,Low-Carb Diet
96,31.35,131,Regular,Balanced Diet
64,16.49,55,Regular,Balanced Diet
93,26.04,92,Regular,Low-Fat Diet
111,40.28,90,Keto,High-Protein Diet
55,15.4,125,Vegan,Low-Fat Diet
115,47.26,100,Regular,Balanced Diet
53,21.5,110,Regular,Low-Carb Diet
72,22.22,143,Regular,Balanced Diet
62,23.92,68,Vegan,Balanced Diet
80,20.61,170,Regular,High-Protein Diet
65,20.06,70,Regular,Low-Fat Diet
90,24.16,129,Vegan,Low-Fat Diet
50,17.72,120,Regular,Low-Fat Diet
61,24.13,103,Vegan,Low-Carb Diet
105,29.71,155,Regular,Low-Fat Diet
99,38.19,132,Regular,High-Protein Diet
69,24.16,75,Regular,Low-Fat Diet
115,33.24,189,Keto,High-Protein Diet
85,21.9,54,Vegetarian,High-Protein Diet
87,24.1,75,Vegan,High-Protein Diet
71,29.17,182,Keto,Balanced Diet
110,41.4,131,Vegan,Low-Carb Diet
99,38.67,55,Vegetarian,Low-Fat Diet
108,44.38,50,Regular,Balanced Diet
69,21.78,124,Keto,Low-Carb Diet
85,33.62,175,Vegetarian,Low-Carb Diet
64,20.2,129,Keto,Low-Fat Diet
111,44.46,139,Vegetarian,Balanced Diet
52,15.19,98,Regular,Low-Fat Diet
54,13.91,131,Vegan,Low-Fat Diet
105,41.53,86,Regular,Low-Carb Diet
80,28.34,139,Vegan,Low-Carb Diet
84,25.93,50,Keto,Balanced Diet
119,43.18,86,Regular,Low-Fat Diet
75,30.04,68,Regular,High-Protein Diet
50,13.29,163,Regular,Low-Carb Diet
56,16.91,105,Regular,Low-Carb Diet
85,25.38,116,Regular,Low-Carb Diet
74,19.66,84,Regular,High-Protein Diet
108,36.09,133,Regular,Balanced Diet
110,44.06,75,Keto,High-Protein Diet
78,32.05,71,Regular,Low-Fat Diet
67,24.61,191,Regular,Low-Fat Diet
90,31.89,66,Vegetarian,Low-Fat Diet
68,19.24,108,Regular,Low-Carb Diet
53,22.06,138,Vegetarian,Low-Fat Diet
114,28.79,108,Regular,High-Protein Diet
90,35.16,129,Vegetarian,Low-Fat Diet
64,24.69,179,Regular,Low-Fat Diet
103,28.23,139,Keto,Low-Fat Diet
113,43.06,171,Vegetarian,Balanced Diet
64,24.69,61,Keto,Low-Fat Diet
99,34.26,59,Regular,High-Protein Diet
71,28.08,169,Regular,Low-Carb Diet
67,23.46,51,Keto,Low-Fat Diet
51,12.88,65,Keto,High-Protein Diet
85,24.84,155,Vegetarian,Low-Fat Diet
69,22.02,172,Regular,Balanced Diet
65,21.72,85,Keto,Low-Carb Diet
116,48.91,183,Keto,Balanced Diet
79,22.84,154,Vegetarian,High-Protein Diet
104,40.12,150,Regular,High-Protein Diet
115,33.97,144,Regular,Balanced Diet
75,21.0,154,Vegan,High-Protein Diet
106,46.49,179,Keto,Balanced Diet
118,29.8,184,Vegan,High-Protein Diet
51,14.13,70,Regular,Low-Fat Diet
105,27.9,157,Keto,Balanced Diet
111,31.41,92,Regular,Balanced Diet
83,22.75,126,Regular,High-Protein Diet
105,42.06,185,Regular,Low-Fat Diet
104,35.57,166,Vegan,Low-Fat Diet
69,17.96,191,Vegetarian,High-Protein Diet
99,41.74,126,Vegetarian,Low-Fat Diet
74,28.55,60,Regular,Low-Fat Diet
74,32.89,59,Regular,Balanced Diet
102,27.38,104,Regular,Balanced Diet
63,21.55,51,Vegan,Low-Fat Diet
109,31.17,50,Vegetarian,Balanced Diet
92,32.6,96,Regular,Low-Carb Diet
111,40.77,140,Regular,High-Protein Diet
118,36.42,132,Regular,High-Protein Diet
112,48.48,67,Vegetarian,Balanced Diet
51,17.24,84,Keto,Balanced Diet
103,28.23,170,Vegetarian,High-Protein Diet
65,23.31,111,Regular,Balanced Diet
104,33.96,74,Keto,Balanced Diet
92,35.06,156,Keto,Low-Carb Diet
110,39.44,164,Regular,High-Protein Diet
87,37.66,129,Regular,Low-Carb Diet
94,31.77,196,Regular,Low-Carb Diet
100,43.28,166,Vegetarian,Balanced Diet
91,30.06,118,Regular,Balanced Diet
73,23.57,147,Regular,Low-Fat Diet
79,21.21,59,Vegetarian,Low-Carb Diet
86,27.76,157,Regular,Balanced Diet
102,28.86,74,Vegetarian,Low-Fat Diet
112,36.99,164,Regular,Low-Carb Diet
60,20.05,76,Vegetarian,Low-Carb Diet
72,29.21,59,Regular,Low-Carb Diet
99,39.66,88,Regular,Low-Fat Diet
104,27.35,184,Keto,Low-Carb Diet
104,30.06,64,Keto,High-Protein Diet
53,16.54,163,Keto,High-Protein Diet
103,36.49,190,Keto,Low-Fat Diet
110,40.4,82,Vegan,High-Protein Diet
54,18.04,148,Regular,Low-Fat Diet
67,17.99,153,Regular,Low-Carb Diet
93,32.18,60,Vegan,Low-Carb Diet
80,23.37,198,Regular,Balanced Diet
70,19.6,93,Regular,High-Protein Diet
96,27.16,119,Regular,Balanced Diet
79,20.56,171,Vegetarian,Low-Fat Diet
104,43.29,150,Keto,High-Protein Diet
117,49.33,178,Vegetarian,Balanced Diet
118,44.41,178,Keto,Balanced Diet
90,23.91,191,Regular,Low-Fat Diet
94,25.77,136,Regular,High-Protein Diet
79,19.95,170,Regular,Low-Fat Diet
94,40.16,184,Keto,High-Protein Diet
94,38.14,197,Vegetarian,Balanced Diet
94,31.41,133,Keto,Balanced Diet
104,40.62,58,Vegetarian,Balanced Diet
108,39.19,60,Regular,Low-Fat Diet
54,13.64,55,Regular,Low-Fat Diet
81,28.03,108,Regular,High-Protein Diet
55,17.96,159,Vegan,Low-Fat Diet
75,20.35,67,Regular,Low-Fat Diet
86,22.16,176,Regular,Low-Carb Diet
62,16.64,78,Regular,Balanced Diet
118,31.35,178,Regular,Low-Carb Diet
74,23.89,167,Vegetarian,High-Protein Diet
62,22.77,93,Vegan,Balanced Diet
69,22.53,116,Regular,High-Protein Diet
109,32.91,87,Regular,Low-Carb Diet
70,21.6,150,Keto,High-Protein Diet
110,28.34,65,Regular,Low-Fat Diet
75,19.52,87,Keto,Balanced Diet
103,42.87,112,Vegetarian,Balanced Diet
91,24.43,139,Keto,High-Protein Diet
60,24.34,134,Regular,High-Protein Diet
86,35.34,58,Regular,Balanced Diet
60,17.92,192,Keto,High-Protein Diet
76,20.4,58,Vegan,High-Protein Diet
83,31.24,93,Regular,Balanced Diet
87,31.96,150,Vegetarian,High-Protein Diet
110,29.84,127,Regular,High-Protein Diet
102,40.86,88,Regular,Balanced Diet
114,45.09,89,Keto,Low-Fat Diet
52,18.87,112,Keto,Low-Carb Diet
116,44.75,183,Regular,Low-Fat Diet
77,32.05,87,Vegetarian,Low-Fat Diet
63,22.32,55,Keto,Low-Fat Diet
101,27.4,164,Regular,High-Protein Diet
79,21.88,103,Regular,Low-Fat Diet
107,33.77,100,Vegetarian,Low-Carb Diet
103,42.87,166,Keto,Low-Fat Diet
118,38.97,147,Vegetarian,High-Protein Diet
64,21.38,125,Keto,Low-Fat Diet
87,28.74,186,Vegetarian,Balanced Diet
63,23.14,182,Keto,Balanced Diet
106,38.93,130,Regular,High-Protein Diet
108,44.95,163,Keto,High-Protein Diet
57,16.48,110,Regular,Low-Fat Diet
68,23.53,183,Regular,Low-Fat Diet
81,34.6,81,Vegan,Low-Carb Diet
78,23.29,196,Regular,Low-Fat Diet
90,28.73,165,Keto,Balanced Diet
94,26.88,107,Regular,Low-Fat Diet
62,17.17,97,Keto,Low-Fat Diet
76,24.26,158,Regular,Low-Carb Diet
68,24.68,66,Regular,Low-Fat Diet
75,28.23,109,Regular,Balanced Diet
102,41.91,187,Vegetarian,Low-Fat Diet
100,34.2,99,Regular,Low-Fat Diet
86,38.22,152,Regular,Balanced Diet
58,18.31,87,Keto,Low-Carb Diet
101,31.17,161,Vegan,Low-Carb Diet
103,32.15,180,Regular,Balanced Diet
52,19.33,128,Vegetarian,High-Protein Diet
118,42.31,140,Regular,High-Protein Diet
57,16.84,80,Vegetarian,Low-Fat Diet
63,15.91,65,Regular,High-Protein Diet
52,16.23,77,Keto,Balanced Diet
73,21.8,153,Vegan,Balanced Diet
62,17.0,122,Regular,Balanced Diet
92,35.94,122,Regular,High-Protein Diet
78,25.18,120,Vegetarian,Low-Carb Diet
100,33.41,109,Regular,High-Protein Diet
91,26.88,113,Keto,Low-Fat Diet
80,22.63,109,Vegetarian,Balanced Diet
112,45.44,148,Keto,High-Protein Diet
75,26.89,85,Vegetarian,Balanced Diet
67,25.53,83,Vegan,Balanced Diet
106,28.16,199,Regular,Low-Carb Diet
56,18.71,143,Keto,Low-Carb Diet
97,32.79,94,Vegan,Low-Fat Diet
109,42.05,120,Vegetarian,Balanced Diet
82,20.92,51,Regular,High-Protein Diet
52,16.23,143,Regular,High-Protein Diet
53,16.36,189,Vegetarian,Low-Fat Diet
53,16.92,149,Vegan,Low-Carb Diet
91,31.12,151,Regular,Balanced Diet
58,15.57,76,Regular,Low-Carb Diet
100,31.92,147,Regular,Low-Carb Diet
66,25.15,124,Vegetarian,Balanced Diet
66,21.8,197,Vegetarian,Low-Carb Diet
69,18.52,81,Keto,High-Protein Diet
63,16.57,90,Vegetarian,Low-Carb Diet
71,29.17,137,Vegetarian,Balanced Diet
101,26.84,51,Vegan,Low-Fat Diet
76,31.63,111,Keto,Low-Fat Diet
92,30.74,169,Keto,High-Protein Diet
52,18.42,102,Keto,High-Protein Diet
57,20.2,106,Regular,Low-Fat Diet
59,17.24,97,Regular,High-Protein Diet
78,31.24,183,Vegetarian,Low-Carb Diet
89,22.93,193,Keto,Low-Fat Diet
114,33.31,188,Regular,Low-Fat Diet
70,20.02,158,Vegetarian,High-Protein Diet
73,20.44,95,Regular,Balanced Diet
109,34.4,122,Regular,High-Protein Diet
75,25.06,106,Vegan,Balanced Diet
58,14.94,56,Regular,Low-Fat Diet
69,29.09,101,Regular,Balanced Diet
105,28.78,79,Vegetarian,Low-Fat Diet
85,22.58,104,Vegan,Low-Carb Diet
85,27.76,199,Vegan,High-Protein Diet
71,26.72,53,Regular,Balanced Diet
50,14.15,54,Regular,Low-Fat Diet
118,37.24,199,Vegetarian,High-Protein Diet
86,35.8,117,Regular,Low-Fat Diet
62,25.48,153,Vegetarian,Balanced Diet
92,26.59,181,Regular,Low-Fat Diet
86,30.84,158,Regular,Low-Carb Diet
74,25.01,64,Vegetarian,High-Protein Diet
70,18.79,173,Keto,Low-Fat Diet
90,25.74,193,Keto,High-Protein Diet
91,40.44,133,Regular,Low-Fat Diet
91,38.87,82,Keto,Balanced Diet
51,13.69,144,Vegan,Balanced Diet
117,30.46,74,Regular,Low-Fat Diet
57,16.84,86,Vegetarian,Low-Carb Diet
110,37.18,67,Regular,Low-Carb Diet
63,20.34,74,Keto,Low-Fat Diet
70,22.86,169,Regular,Low-Fat Diet
73,29.62,192,Regular,Low-Carb Diet
99,26.86,84,Vegetarian,High-Protein Diet
94,34.53,117,Regular,Balanced Diet
113,31.3,174,Keto,Balanced Diet
113,48.91,133,Regular,High-Protein Diet
75,22.89,61,Regular,Low-Fat Diet
81,34.15,143,Regular,Low-Fat Diet
106,37.11,154,Keto,Low-Fat Diet
102,38.39,199,Regular,Low-Fat Diet
82,25.03,108,Vegetarian,High-Protein Diet
101,32.98,110,Vegetarian,Balanced Diet
67,17.44,184,Regular,Low-Fat Diet
84,34.96,196,Regular,Balanced Diet
61,17.82,197,Keto,High-Protein Diet
100,27.99,182,Regular,High-Protein Diet
59,24.88,164,Regular,Low-Fat Diet
101,38.48,56,Vegetarian,Low-Fat Diet
83,25.34,197,Regular,Low-Carb Diet
116,42.61,147,Regular,Low-Carb Diet
88,39.11,184,Regular,Low-Carb Diet
57,21.72,133,Regular,Low-Carb Diet
78,30.47,113,Regular,High-Protein Diet
71,28.8,115,Regular,Low-Fat Diet
119,39.31,56,Regular,Low-Fat Diet
110,30.79,140,Regular,Low-Carb Diet
92,28.08,64,Vegan,Low-Fat Diet
98,32.74,132,Vegan,Low-Fat Diet
78,24.9,83,Regular,Balanced Diet
80,30.11,115,Vegetarian,Low-Carb Diet
102,27.1,60,Vegetarian,Balanced Diet
83,35.92,59,Regular,Low-Carb Diet
87,25.42,169,Keto,Low-Fat Diet
106,34.22,141,Regular,Balanced Diet
53,18.56,158,Keto,Balanced Diet
51,13.28,61,Vegan,Low-Carb Diet
61,22.68,170,Regular,Low-Fat Diet
84,27.12,168,Regular,Balanced Diet
119,31.62,54,Regular,High-Protein Diet
70,19.39,68,Regular,High-Protein Diet
110,35.11,121,Keto,High-Protein Diet
84,27.74,86,Vegan,Low-Fat Diet
97,26.59,77,Regular,High-Protein Diet
64,17.18,93,Keto,High-Protein Diet
64,16.83,121,Vegetarian,Balanced Diet
55,16.6,169,Vegetarian,Balanced Diet
117,30.77,69,Regular,Balanced Diet
71,26.72,148,Vegetarian,Low-Carb Diet
81,32.86,183,Regular,Low-Fat Diet
71,18.29,118,Keto,High-Protein Diet
76,28.6,166,Vegetarian,Balanced Diet
64,28.44,177,Regular,Low-Fat Diet
93,34.16,61,Regular,Low-Carb Diet
58,20.8,166,Regular,Low-Carb Diet
83,34.11,192,Keto,Low-Fat Diet
64,23.8,136,Regular,Low-Fat Diet
111,37.09,112,Vegetarian,High-Protein Diet
94,23.98,166,Vegetarian,Balanced Diet
107,40.77,56,Keto,High-Protein Diet
68,27.24,50,Keto,Low-Carb Diet
65,24.17,121,Vegetarian,Low-Carb Diet
57,16.84,199,Regular,Low-Fat Diet
82,27.4,101,Vegan,Balanced Diet
67,20.23,144,Regular,Low-Carb Diet
84,30.85,92,Vegetarian,Balanced Diet
92,37.32,88,Regular,Balanced Diet
99,31.25,198,Regular,High-Protein Diet
52,17.58,166,Regular,Balanced Diet
108,28.7,64,Regular,Low-Carb Diet
77,23.77,141,Keto,High-Protein Diet
95,26.6,172,Vegetarian,Low-Carb Diet
113,28.82,72,Vegetarian,Low-Fat Diet
119,44.79,140,Regular,High-Protein Diet
96,29.96,129,Vegan,Balanced Diet
63,17.82,100,Vegan,Low-Fat Diet
56,18.08,72,Regular,Low-Carb Diet
80,20.82,163,Regular,Balanced Diet
100,36.73,95,Regular,Low-Carb Diet
78,32.47,143,Regular,High-Protein Diet
64,19.32,110,Regular,Low-Fat Diet
74,19.87,193,Vegetarian,Low-Fat Diet
110,39.44,163,Regular,Low-Carb Diet
90,33.06,109,Vegetarian,Low-Carb Diet
118,45.52,198,Vegetarian,Low-Carb Diet
53,18.56,56,Regular,High-Protein Diet
106,28.16,119,Keto,High-Protein Diet
80,22.4,69,Keto,High-Protein Diet
52,16.41,93,Vegetarian,High-Protein Diet
116,36.2,189,Keto,Balanced Diet
99,32.33,108,Vegan,High-Protein Diet
66,22.57,93,Regular,High-Protein Diet
109,32.91,130,Regular,Balanced Diet
115,32.54,89,Regular,Low-Fat Diet
73,19.0,179,Keto,High-Protein Diet
81,25.56,70,Regular,Balanced Diet
68,23.26,189,Vegan,Low-Fat Diet
115,30.56,127,Regular,Low-Carb Diet
109,41.53,137,Vegetarian,Low-Fat Diet
115,46.07,189,Regular,Low-Carb Diet
64,21.38,101,Keto,Balanced Diet
84,31.23,63,Keto,Balanced Diet
118,34.48,195,Regular,Balanced Diet
76,28.96,113,Regular,Balanced Diet
56,18.08,195,Keto,Low-Fat Diet
55,14.77,108,Vegetarian,Balanced Diet
82,23.7,172,Keto,High-Protein Diet
107,43.97,146,Vegetarian,Balanced Diet
98,39.76,158,Vegetarian,Balanced Diet
66,19.08,115,Vegetarian,Low-Carb Diet
91,25.21,164,Keto,High-Protein Diet
89,33.5,61,Vegetarian,Low-Carb Diet
95,36.65,71,Regular,High-Protein Diet
119,34.77,191,Regular,Low-Fat Diet
117,32.75,58,Keto,Low-Fat Diet
50,18.14,56,Regular,Low-Fat Diet
101,28.27,154,Keto,Balanced Diet
84,26.51,69,Regular,High-Protein Diet
118,38.09,128,Regular,Low-Fat Diet
54,24.0,163,Regular,High-Protein Diet
66,19.71,147,Vegetarian,Low-Fat Diet
102,43.57,164,Vegetarian,Low-Carb Diet
101,33.75,69,Regular,Low-Fat Diet
63,21.8,190,Vegetarian,Low-Carb Diet
78,23.55,74,Regular,Balanced Diet
57,23.42,170,Vegetarian,Low-Carb Diet
50,22.22,85,Regular,High-Protein Diet
78,21.61,52,Vegetarian,Low-Carb Diet
85,36.79,96,Regular,Low-Fat Diet
100,26.85,189,Keto,High-Protein Diet
86,31.98,77,Regular,Low-Fat Diet
118,36.42,124,Regular,Low-Carb Diet
102,37.47,130,Vegetarian,Balanced Diet
101,39.95,191,Regular,Low-Fat Diet
61,19.25,80,Regular,Balanced Diet
101,42.04,160,Vegan,High-Protein Diet
50,15.78,109,Vegetarian,Low-Carb Diet
56,20.32,152,Regular,Low-Carb Diet
66,22.57,126,Regular,Low-Carb Diet
92,30.74,69,Keto,Low-Fat Diet
66,23.95,60,Regular,Low-Fat Diet
108,37.37,155,Regular,Low-Fat Diet
52,13.13,181,Keto,High-Protein Diet
78,30.47,96,Regular,Balanced Diet
71,29.17,171,Vegetarian,Balanced Diet
87,23.85,188,Vegan,Low-Carb Diet
103,29.14,165,Keto,Low-Fat Diet
99,41.74,99,Vegetarian,High-Protein Diet
118,31.68,102,Regular,Low-Carb Diet
79,20.36,144,Keto,High-Protein Diet
72,24.91,191,Regular,High-Protein Diet
96,34.42,96,Keto,Low-Carb Diet
70,20.68,67,Regular,Low-Fat Diet
69,24.16,116,Keto,High-Protein Diet
72,26.77,158,Regular,Low-Carb Diet
117,49.33,152,Regular,High-Protein Diet
70,26.67,144,Regular,Balanced Diet
70,27.01,137,Regular,High-Protein Diet
50,17.3,99,Vegan,Low-Carb Diet
64,18.5,194,Regular,Low-Carb Diet
66,27.47,173,Vegetarian,Low-Carb Diet
100,41.09,103,Keto,Low-Fat Diet
112,36.57,140,Regular,Low-Fat Diet
63,17.27,58,Vegetarian,High-Protein Diet
108,27.83,71,Regular,Balanced Diet
99,40.16,89,Regular,High-Protein Diet
83,33.25,127,Regular,High-Protein Diet
55,17.76,150,Regular,High-Protein Diet
98,41.86,101,Keto,Balanced Diet
55,19.03,153,Regular,Low-Fat Diet
118,36.42,97,Regular,High-Protein Diet
56,19.38,71,Regular,High-Protein Diet
100,27.99,153,Vegetarian,Balanced Diet
50,16.51,94,Regular,High-Protein Diet
62,17.54,77,Regular,High-Protein Diet
92,34.21,116,Keto,Low-Fat Diet
76,22.45,135,Regular,High-Protein Diet
52,13.26,87,Regular,Low-Carb Diet
107,29.03,152,Regular,Balanced Diet
66,18.28,136,Vegetarian,Low-Carb Diet
94,27.17,55,Vegetarian,Balanced Diet
107,29.33,191,Regular,High-Protein Diet
105,27.33,85,Vegetarian,Balanced Diet
103,32.88,100,Regular,High-Protein Diet
78,29.36,136,Vegetarian,Low-Fat Diet
103,44.0,126,Regular,Low-Carb Diet
76,26.61,93,Regular,High-Protein Diet
94,28.07,94,Keto,Low-Fat Diet
80,30.86,164,Regular,High-Protein Diet
85,25.66,161,Regular,Low-Carb Diet
110,36.75,55,Regular,Balanced Diet
86,30.11,159,Regular,Low-Carb Diet
116,48.91,141,Vegan,Low-Fat Diet
85,24.31,184,Vegetarian,Balanced Diet
54,16.85,144,Vegetarian,Balanced Diet
95,31.74,142,Vegetarian,High-Protein Diet
101,27.4,96,Regular,Low-Carb Diet
98,27.43,156,Regular,Low-Fat Diet
55,22.6,71,Vegetarian,Balanced Diet
59,17.24,116,Regular,Low-Carb Diet
72,20.59,153,Regular,Low-Carb Diet
66,24.24,62,Regular,Low-Carb Diet
93,34.58,105,Regular,Low-Carb Diet
90,23.67,126,Vegan,High-Protein Diet
64,21.63,61,Vegan,High-Protein Diet
93,35.88,54,Keto,Low-Fat Diet
107,33.77,176,Regular,Low-Fat Diet
99,26.58,125,Keto,Low-Fat Diet
101,26.02,123,Regular,High-Protein Diet
119,44.24,64,Regular,Balanced Diet
117,36.93,115,Regular,Low-Carb Diet
112,29.76,87,Regular,High-Protein Diet
107,29.03,147,Regular,High-Protein Diet
72,18.37,104,Regular,High-Protein Diet
93,32.18,96,Vegetarian,Low-Fat Diet
93,34.58,153,Vegan,Low-Fat Diet
101,38.01,63,Regular,Low-Fat Diet
116,31.8,192,Vegan,Balanced Diet
77,20.67,56,Keto,Low-Carb Diet
116,42.61,87,Keto,Low-Carb Diet
67,24.91,176,Regular,High-Protein Diet
76,20.83,178,Keto,Low-Carb Diet
100,42.72,63,Regular,Balanced Diet
109,35.19,74,Regular,High-Protein Diet
98,33.13,166,Vegan,Low-Carb Diet
64,20.2,185,Keto,Low-Fat Diet
117,32.41,55,Keto,Balanced Diet
64,25.64,128,Keto,Low-Fat Diet
100,27.13,69,Vegan,High-Protein Diet
97,26.31,130,Regular,Low-Fat Diet
50,20.55,145,Regular,Low-Fat Diet
56,15.35,183,Regular,Low-Carb Diet
102,43.57,187,Regular,Balanced Diet
80,33.73,186,Vegetarian,Low-Carb Diet
67,28.25,104,Vegetarian,Balanced Diet
61,23.83,124,Regular,High-Protein Diet
97,26.87,124,Keto,High-Protein Diet
79,25.22,143,Vegetarian,Low-Carb Diet
56,20.57,108,Regular,Low-Fat Diet
52,14.4,159,Keto,High-Protein Diet
112,34.96,166,Vegan,Balanced Diet
55,23.5,60,Vegan,Balanced Diet
64,28.07,62,Regular,Low-Fat Diet
92,24.19,111,Keto,High-Protein Diet
67,29.0,163,Vegan,Low-Fat Diet
71,17.93,120,Regular,High-Protein Diet
110,38.06,144,Vegetarian,Balanced Diet
110,45.79,156,Vegetarian,Balanced Diet
102,27.67,71,Regular,Balanced Diet
75,26.89,87,Keto,Low-Fat Diet
89,23.89,191,Regular,Low-Carb Diet
57,24.03,55,Regular,Low-Carb Diet
70,28.04,80,Vegetarian,Low-Carb Diet
92,32.21,174,Regular,Balanced Diet
70,22.34,100,Regular,High-Protein Diet
52,16.98,180,Regular,Low-Fat Diet
80,28.69,194,Keto,Balanced Diet
76,26.93,69,Vegetarian,Low-Carb Diet
76,32.89,184,Regular,Low-Carb Diet
106,42.46,194,Regular,High-Protein Diet
82,23.96,107,Vegetarian,Low-Fat Diet
93,28.7,166,Regular,Balanced Diet
92,23.47,62,Vegetarian,Low-Carb Diet
80,29.03,54,Regular,Balanced Diet
114,38.53,114,Regular,Low-Fat Diet
66,19.71,194,Regular,High-Protein Diet
64,17.73,193,Vegetarian,High-Protein Diet
83,22.99,195,Regular,High-Protein Diet
53,22.35,141,Regular,Balanced Diet
77,28.63,52,Vegetarian,Balanced Diet
51,13.28,195,Regular,High-Protein Diet
66,28.57,177,Vegan,Balanced Diet
107,37.91,127,Keto,High-Protein Diet
58,18.51,66,Vegan,Low-Fat Diet
80,34.63,132,Vegetarian,Balanced Diet
115,32.89,110,Vegetarian,Balanced Diet
111,47.42,121,Vegan,High-Protein Diet
68,22.72,117,Regular,High-Protein Diet
104,32.1,142,Vegetarian,High-Protein Diet
77,20.46,105,Regular,Balanced Diet
99,26.3,176,Vegan,High-Protein Diet
114,44.53,124,Regular,Low-Carb Diet
52,15.03,125,Vegetarian,Balanced Diet
101,44.89,191,Regular,Balanced Diet
59,23.63,120,Vegetarian,High-Protein Diet
70,25.4,116,Regular,Balanced Diet
86,38.22,188,Keto,Balanced Diet
64,27.7,51,Keto,Balanced Diet
58,15.1,66,Keto,Low-Carb Diet
93,30.37,107,Keto,Low-Carb Diet
88,27.16,174,Vegetarian,High-Protein Diet
54,17.63,72,Vegetarian,Balanced Diet
74,25.01,82,Regular,Low-Carb Diet
105,32.77,94,Vegan,Low-Fat Diet
113,44.7,127,Regular,High-Protein Diet
101,40.98,98,Regular,High-Protein Diet
58,15.57,155,Regular,Low-Fat Diet
59,19.49,69,Regular,High-Protein Diet
59,20.18,160,Regular,Low-Fat Diet
111,41.27,194,Regular,Low-Fat Diet
109,30.19,158,Regular,Balanced Diet
68,26.9,185,Regular,High-Protein Diet
87,30.46,56,Keto,Low-Fat Diet
55,15.24,98,Keto,Balanced Diet
64,16.66,79,Vegetarian,High-Protein Diet
96,32.45,101,Regular,High-Protein Diet
94,41.78,103,Regular,Balanced Diet
54,23.68,101,Vegetarian,Balanced Diet
102,36.14,134,Regular,Low-Carb Diet
115,43.28,156,Vegetarian,Low-Fat Diet
111,45.03,52,Vegan,High-Protein Diet
72,20.59,144,Regular,Balanced Diet
93,35.88,65,Regular,High-Protein Diet
101,32.98,120,Regular,Low-Fat Diet
95,30.67,166,Regular,High-Protein Diet
68,21.46,147,Keto,Low-Carb Diet
96,35.69,91,Vegan,Low-Fat Diet
101,26.56,171,Vegetarian,Low-Fat Diet
73,32.44,158,Regular,Low-Carb Diet
66,17.9,82,Keto,Low-Fat Diet
95,30.32,78,Regular,High-Protein Diet
113,48.91,163,Regular,Balanced Diet
77,27.61,144,Vegetarian,Low-Fat Diet
99,29.56,140,Regular,High-Protein Diet
113,34.49,152,Vegan,High-Protein Diet
77,24.3,111,Regular,Balanced Diet
105,34.68,57,Keto,High-Protein Diet
108,35.27,92,Regular,Low-Fat Diet
54,15.28,162,Vegetarian,Low-Fat Diet
103,41.79,61,Keto,Low-Fat Diet
93,32.95,133,Regular,Balanced Diet
91,23.69,89,Regular,Balanced Diet
106,29.06,54,Regular,Balanced Diet
96,32.83,106,Regular,Balanced Diet
74,23.36,159,Regular,Low-Carb Diet
93,28.08,159,Keto,Balanced Diet
64,18.3,50,Regular,Balanced Diet
100,26.57,122,Regular,High-Protein Diet
102,26.82,154,Regular,Balanced Diet
83,24.52,83,Regular,Low-Carb Diet
57,15.46,121,Regular,High-Protein Diet
119,51.51,82,Regular,Low-Carb Diet
70,24.8,105,Keto,High-Protein Diet
56,22.15,125,Keto,Low-Carb Diet
105,33.9,149,Vegetarian,High-Protein Diet
98,36.44,132,Regular,High-Protein Diet
91,35.55,198,Vegetarian,Balanced Diet
72,18.74,181,Regular,Low-Fat Diet
101,32.98,60,Vegetarian,Low-Carb Diet
102,34.08,172,Vegan,Balanced Diet
65,24.77,182,Keto,High-Protein Diet
86,26.25,109,Vegetarian,Balanced Diet
67,19.37,115,Vegetarian,Balanced Diet
69,29.48,154,Keto,Low-Carb Diet
95,36.2,193,Regular,Balanced Diet
51,20.43,125,Keto,Low-Carb Diet
112,28.57,139,Vegan,Low-Fat Diet
52,15.53,61,Keto,Balanced Diet
95,27.46,75,Regular,High-Protein Diet
98,25.25,117,Vegetarian,Balanced Diet
50,20.55,76,Vegetarian,Balanced Diet
71,31.56,102,Keto,High-Protein Diet
63,24.3,136,Regular,Balanced Diet
94,32.53,134,Regular,Balanced Diet
55,21.48,86,Regular,High-Protein Diet
114,30.6,94,Vegetarian,Balanced Diet
70,18.79,180,Regular,Low-Fat Diet
53,14.23,183,Keto,Low-Fat Diet
52,19.57,183,Vegetarian,Balanced Diet
79,23.59,126,Vegetarian,High-Protein Diet
80,23.89,66,Regular,High-Protein Diet
83,27.41,60,Regular,Low-Fat Diet
69,29.48,172,Vegetarian,High-Protein Diet
103,33.63,115,Keto,High-Protein Diet
74,27.18,83,Vegan,High-Protein Diet
64,25.32,193,Vegan,Balanced Diet
87,23.12,173,Vegan,Low-Carb Diet
72,31.58,86,Regular,Low-Fat Diet
101,29.83,199,Vegetarian,High-Protein Diet
115,40.75,84,Regular,Balanced Diet
106,44.12,184,Regular,High-Protein Diet
106,37.56,99,Keto,Low-Fat Diet
101,40.98,166,Vegan,Low-Carb Diet
84,31.62,64,Regular,High-Protein Diet
63,24.92,181,Regular,Low-Fat Diet
63,27.27,137,Regular,Low-Fat Diet
82,23.45,62,Vegan,Low-Fat Diet
101,31.88,78,Regular,High-Protein Diet
50,18.59,99,Regular,Low-Fat Diet
83,28.06,65,Vegetarian,Low-Carb Diet
68,22.99,50,Regular,Balanced Diet
73,26.18,83,Vegan,Low-Fat Diet
53,13.94,147,Keto,Balanced Diet
85,30.12,153,Keto,Balanced Diet
107,34.15,82,Regular,Low-Fat Diet
81,26.45,192,Regular,High-Protein Diet
58,22.94,130,Keto,Balanced Diet
116,30.2,84,Regular,High-Protein Diet
69,29.48,169,Vegetarian,High-Protein Diet
111,48.68,107,Regular,Low-Fat Diet
107,46.31,126,Vegan,Low-Carb Diet
71,29.17,198,Regular,Low-Carb Diet
116,42.61,88,Vegan,High-Protein Diet
97,29.94,50,Keto,High-Protein Diet
57,22.55,98,Keto,High-Protein Diet
64,22.68,126,Keto,Low-Carb Diet
81,25.85,92,Regular,High-Protein Diet
102,37.02,162,Vegan,Balanced Diet
116,37.03,137,Vegetarian,Balanced Diet
53,18.78,137,Regular,Balanced Diet
79,22.84,126,Regular,High-Protein Diet
62,20.96,149,Regular,Low-Fat Diet
70,24.51,182,Regular,High-Protein Diet
90,34.29,127,Vegetarian,Balanced Diet
68,25.91,119,Vegetarian,Low-Carb Diet
97,26.31,179,Keto,Balanced Diet
112,43.75,158,Regular,Low-Carb Diet
69,17.78,117,Regular,High-Protein Diet
113,42.01,112,Vegan,Balanced Diet
86,31.21,129,Regular,High-Protein Diet
80,20.2,149,Regular,High-Protein Diet
67,21.39,134,Regular,High-Protein Diet
69,24.45,130,Regular,High-Protein Diet
60,25.63,116,Keto,Low-Fat Diet
93,31.8,137,Regular,Low-Carb Diet
113,38.64,132,Vegetarian,Low-Fat Diet
83,23.99,147,Keto,High-Protein Diet
114,32.25,52,Regular,Low-Fat Diet
104,31.05,60,Regular,Low-Carb Diet
50,15.09,160,Regular,Balanced Diet
87,23.36,79,Regular,High-Protein Diet
58,15.9,99,Regular,High-Protein Diet
66,18.48,116,Vegetarian,Low-Fat Diet
101,30.49,153,Vegetarian,Balanced Diet
67,25.85,89,Regular,Low-Carb Diet
112,49.12,65,Keto,Balanced Diet
82,26.17,149,Keto,Balanced Diet
53,20.96,151,Regular,Balanced Diet
101,34.54,89,Keto,Balanced Diet
58,21.05,115,Vegan,Low-Carb Diet
113,36.9,153,Regular,Low-Fat Diet
79,34.19,188,Regular,High-Protein Diet
57,23.42,183,Regular,Low-Fat Diet
54,14.5,186,Vegetarian,High-Protein Diet
112,45.44,196,Vegetarian,Low-Fat Diet
50,17.51,182,Keto,Low-Fat Diet
64,24.69,54,Regular,Low-Carb Diet
87,25.7,103,Regular,Balanced Diet
91,33.02,61,Vegetarian,Low-Carb Diet
95,30.32,183,Regular,Low-Carb Diet
102,28.25,140,Regular,High-Protein Diet
75,29.67,153,Keto,High-Protein Diet
110,37.62,136,Vegetarian,Low-Fat Diet
116,33.17,162,Regular,Low-Fat Diet
103,31.1,87,Keto,Balanced Diet
71,24.28,109,Vegetarian,Low-Fat Diet
75,20.13,191,Regular,Low-Carb Diet
109,31.51,116,Keto,Low-Fat Diet
88,33.53,165,Regular,High-Protein Diet
85,27.44,117,Regular,High-Protein Diet
70,26.03,74,Vegetarian,Low-Fat Diet
90,30.78,57,Regular,Balanced Diet
97,30.27,74,Keto,Low-Fat Diet
75,20.35,79,Keto,Low-Fat Diet
112,31.35,164,Regular,Low-Carb Diet
85,24.57,128,Vegetarian,Balanced Diet
73,21.8,94,Regular,Low-Fat Diet
70,18.79,96,Regular,Low-Carb Diet
67,20.01,131,Vegetarian,Low-Fat Diet
64,16.49,91,Vegetarian,Low-Fat Diet
55,16.25,56,Regular,Low-Carb Diet
92,25.22,53,Keto,Balanced Diet
80,28.34,103,Vegetarian,Low-Carb Diet
77,31.24,154,Regular,Low-Fat Diet
57,16.13,80,Keto,High-Protein Diet
78,23.55,129,Keto,Balanced Diet
70,18.79,110,Vegetarian,High-Protein Diet
107,34.15,171,Vegetarian,Balanced Diet
109,31.51,180,Vegetarian,Low-Fat Diet
99,25.51,52,Regular,High-Protein Diet
80,26.42,52,Regular,High-Protein Diet
96,28.05,132,Keto,Low-Fat Diet
83,30.12,53,Regular,Low-Carb Diet
51,17.04,108,Keto,Low-Fat Diet
116,40.14,84,Regular,Low-Fat Diet
101,44.3,102,Vegetarian,Balanced Diet
56,17.28,193,Regular,Low-Fat Diet
68,18.26,169,Vegetarian,Low-Fat Diet
64,19.32,162,Vegetarian,Low-Carb Diet
97,30.27,117,Regular,Low-Carb Diet
63,24.3,162,Vegetarian,Balanced Diet
52,13.96,70,Vegan,Low-Fat Diet
99,38.19,138,Vegetarian,Low-Fat Diet
103,26.27,52,Regular,Balanced Diet
55,18.38,105,Keto,Balanced Diet
98,32.74,195,Regular,High-Protein Diet
72,28.12,133,Vegetarian,High-Protein Diet
69,26.29,64,Keto,Low-Carb Diet
109,35.19,79,Keto,Balanced Diet
94,38.14,113,Regular,Low-Carb Diet
110,43.51,112,Vegan,Low-Fat Diet
105,42.6,56,Regular,Low-Fat Diet
51,17.86,135,Keto,Low-Fat Diet
94,38.14,121,Regular,Low-Fat Diet
89,35.65,72,Keto,Low-Carb Diet
73,30.0,125,Regular,Low-Fat Diet
78,29.36,55,Vegan,Balanced Diet
116,37.03,63,Vegetarian,Low-Fat Diet
117,51.31,77,Regular,Low-Fat Diet
115,31.2,54,Regular,Low-Fat Diet
103,41.79,105,Keto,Low-Fat Diet
102,38.87,170,Regular,Low-Carb Diet
98,33.91,181,Vegan,High-Protein Diet
81,21.08,78,Regular,Low-Fat Diet
110,35.11,160,Vegan,Low-Fat Diet
91,26.88,163,Regular,Balanced Diet
50,16.9,56,Vegetarian,Low-Fat Diet
112,29.45,197,Regular,Balanced Diet
84,31.23,113,Keto,High-Protein Diet
100,43.86,161,Vegan,Low-Fat Diet
94,36.26,92,Keto,Balanced Diet
114,33.31,149,Vegetarian,Balanced Diet
63,27.27,109,Vegetarian,High-Protein Diet
52,21.93,89,Regular,Low-Carb Diet
73,31.6,116,Regular,Low-Carb Diet
114,29.68,86,Regular,High-Protein Diet
97,34.37,148,Vegetarian,High-Protein Diet
59,25.88,108,Regular,Low-Carb Diet
62,16.64,69,Regular,Low-Fat Diet
63,18.21,107,Vegan,High-Protein Diet
59,21.41,170,Regular,Balanced Diet
89,33.5,187,Vegetarian,Low-Carb Diet
72,22.98,108,Regular,High-Protein Diet
104,33.57,166,Keto,Low-Fat Diet
112,44.3,198,Keto,Balanced Diet
91,39.39,92,Vegetarian,High-Protein Diet
115,33.6,92,Regular,High-Protein Diet
96,27.45,152,Regular,Low-Carb Diet
101,33.36,178,Vegan,High-Protein Diet
67,22.91,176,Vegetarian,Balanced Diet
67,17.26,156,Regular,High-Protein Diet
73,20.65,112,Regular,Low-Carb Diet
72,18.74,67,Regular,Balanced Diet
61,19.04,76,Regular,Low-Carb Diet
72,24.91,93,Keto,Low-Carb Diet
70,21.85,110,Vegan,Low-Carb Diet
113,36.07,189,Vegetarian,Low-Fat Diet
83,25.62,154,Keto,High-Protein Diet
51,16.65,65,Regular,High-Protein Diet
118,32.01,198,Vegetarian,Low-Fat Diet
80,27.36,149,Regular,High-Protein Diet
117,40.48,166,Regular,Low-Fat Diet
119,52.89,172,Regular,Balanced Diet
68,19.66,62,Regular,Low-Carb Diet
62,23.62,177,Regular,Low-Fat Diet
114,39.45,57,Keto,Balanced Diet
55,14.46,185,Regular,High-Protein Diet
76,30.44,147,Regular,Balanced Diet
101,36.65,167,Regular,Low-Carb Diet
97,25.25,70,Regular,Balanced Diet
117,40.48,190,Vegetarian,Balanced Diet
93,28.7,99,Regular,Balanced Diet
66,18.67,53,Keto,Low-Fat Diet
87,29.75,175,Keto,High-Protein Diet
59,22.76,198,Keto,High-Protein Diet
103,42.87,122,Vegetarian,Low-Carb Diet
55,20.2,154,Regular,Low-Carb Diet
55,17.96,134,Regular,Low-Fat Diet
101,42.59,181,Vegan,Low-Fat Diet
64,25.64,113,Regular,High-Protein Diet
117,30.77,129,Regular,Low-Fat Diet
106,29.67,74,Regular,High-Protein Diet
105,39.52,56,Regular,Balanced Diet
56,15.03,175,Regular,Balanced Diet
100,27.41,54,Regular,High-Protein Diet
107,33.39,89,Regular,Low-Fat Diet
113,36.9,70,Keto,Balanced Diet
75,19.93,199,Vegetarian,Low-Carb Diet
107,33.77,140,Regular,High-Protein Diet
80,28.34,110,Regular,Balanced Diet
115,29.94,128,Regular,Low-Carb Diet
62,25.15,168,Regular,High-Protein Diet
67,22.65,180,Keto,High-Protein Diet
62,17.0,160,Regular,High-Protein Diet
73,21.56,105,Vegetarian,Balanced Diet
106,32.72,160,Regular,Balanced Diet
78,23.04,122,Vegetarian,Low-Fat Diet
105,32.05,75,Keto,High-Protein Diet
103,43.43,67,Vegetarian,Low-Fat Diet
54,19.83,121,Regular,Low-Fat Diet
84,30.48,64,Vegetarian,Low-Fat Diet
68,20.76,95,Keto,High-Protein Diet
104,29.74,71,Keto,Balanced Diet
118,36.02,95,Keto,Balanced Diet
93,32.56,53,Regular,Balanced Diet
87,22.42,70,Regular,High-Protein Diet
111,48.68,95,Regular,Balanced Diet
71,24.86,138,Vegan,Low-Fat Diet
89,23.17,72,Vegetarian,Low-Fat Diet
75,26.89,66,Vegan,High-Protein Diet
54,24.0,145,Keto,High-Protein Diet
103,32.51,115,Keto,High-Protein Diet
98,30.93,178,Vegan,Low-Carb Diet
52,18.42,84,Keto,High-Protein Diet
87,23.36,109,Vegetarian,High-Protein Diet
63,17.64,55,Vegan,High-Protein Diet
96,39.96,167,Vegan,Low-Fat Diet
63,16.91,133,Regular,Balanced Diet
87,24.62,75,Keto,Balanced Diet
113,28.53,123,Regular,Low-Carb Diet
93,24.46,53,Regular,High-Protein Diet
119,48.28,152,Vegetarian,Low-Fat Diet
114,38.09,58,Regular,Balanced Diet
74,25.91,118,Vegan,Low-Carb Diet
65,24.46,58,Regular,Low-Carb Diet
64,26.99,74,Keto,High-Protein Diet
52,14.4,89,Regular,High-Protein Diet
116,32.47,74,Vegan,Balanced Diet
86,25.68,100,Regular,High-Protein Diet
104,38.2,170,Keto,Balanced Diet
87,23.12,195,Regular,High-Protein Diet
112,46.02,136,Regular,Balanced Diet
50,18.37,102,Regular,Low-Carb Diet
68,27.94,96,Regular,Low-Carb Diet
101,32.61,110,Keto,Low-Carb Diet
79,29.73,106,Vegetarian,Low-Fat Diet
104,39.14,126,Regular,Low-Carb Diet
63,16.91,197,Vegetarian,High-Protein Diet
62,18.72,120,Vegetarian,Low-Carb Diet
76,22.94,164,Regular,Low-Carb Diet
58,15.57,103,Keto,Balanced Diet
90,31.51,114,Regular,Balanced Diet
97,25.25,166,Keto,High-Protein Diet
61,17.82,90,Regular,High-Protein Diet
59,24.24,178,Vegan,Low-Fat Diet
55,16.79,101,Regular,Balanced Diet
83,21.39,130,Regular,Balanced Diet
101,43.72,120,Regular,High-Protein Diet
90,25.46,193,Vegetarian,Balanced Diet
55,17.36,70,Vegan,Low-Carb Diet
51,17.04,179,Regular,High-Protein Diet
64,21.89,118,Regular,Balanced Diet
66,27.47,54,Keto,High-Protein Diet
65,16.75,122,Vegan,Balanced Diet
77,25.73,195,Vegan,High-Protein Diet
59,16.52,68,Regular,Low-Fat Diet
59,19.94,55,Vegetarian,Low-Carb Diet
59,16.87,112,Regular,Low-Carb Diet
77,30.46,198,Regular,Balanced Diet
73,26.81,63,Vegan,Low-Carb Diet
68,26.56,51,Keto,Low-Carb Diet
117,35.71,195,Vegan,Balanced Diet
105,27.9,67,Keto,Low-Carb Diet
116,48.28,84,Vegetarian,Balanced Diet
91,30.41,131,Regular,Balanced Diet
61,18.42,132,Regular,Low-Carb Diet
67,25.85,74,Regular,Low-Fat Diet
72,23.24,184,Regular,High-Protein Diet
55,15.73,180,Vegan,Low-Fat Diet
102,36.57,106,Vegetarian,Low-Fat Diet
91,24.18,103,Regular,Low-Fat Diet
115,32.54,65,Regular,High-Protein Diet
79,30.1,197,Regular,Balanced Diet
58,16.24,182,Regular,Balanced Diet
91,28.4,110,Regular,Balanced Diet
83,21.17,73,Keto,Low-Fat Diet
89,24.65,177,Regular,Low-Fat Diet
66,25.15,112,Regular,High-Protein Diet
78,23.29,137,Vegetarian,Low-Fat Diet
99,28.93,174,Vegan,Low-Carb Diet
98,30.59,129,Vegetarian,Low-Fat Diet
110,36.33,160,Regular,Balanced Diet
95,41.66,77,Vegan,Low-Carb Diet
95,27.76,173,Vegetarian,High-Protein Diet
66,23.67,172,Vegetarian,Low-Carb Diet
115,48.49,54,Vegan,Low-Fat Diet
54,19.13,64,Regular,Balanced Diet
103,28.23,154,Regular,Balanced Diet
65,23.31,98,Regular,Balanced Diet
56,17.09,53,Vegetarian,Balanced Diet
57,19.72,63,Regular,Low-Carb Diet
87,34.41,187,Vegan,Balanced Diet
103,29.77,136,Regular,Low-Fat Diet
64,16.32,174,Regular,High-Protein Diet
99,33.86,150,Regular,High-Protein Diet
105,40.01,93,Vegetarian,Low-Fat Diet
58,21.05,126,Vegetarian,Low-Carb Diet
57,22.83,177,Regular,Balanced Diet
68,22.72,158,Vegetarian,Low-Carb Diet
100,26.85,114,Regular,Low-Fat Diet
106,39.9,53,Regular,Balanced Diet
117,30.77,175,Vegetarian,High-Protein Diet
80,32.46,50,Regular,Low-Fat Diet
52,15.03,173,Keto,Low-Carb Diet
92,32.6,126,Regular,High-Protein Diet
78,24.9,70,Vegetarian,Low-Carb Diet
59,15.52,128,Regular,High-Protein Diet
61,16.9,90,Regular,High-Protein Diet
95,29.65,59,Keto,Low-Fat Diet
79,32.46,166,Vegetarian,Low-Fat Diet
81,26.45,181,Regular,Balanced Diet
96,26.87,73,Regular,Low-Fat Diet
112,29.45,68,Vegan,Low-Fat Diet
75,19.72,133,Vegetarian,High-Protein Diet
52,20.31,165,Vegetarian,High-Protein Diet
72,27.1,124,Vegan,Low-Fat Diet
99,34.26,172,Vegetarian,Low-Fat Diet
85,34.48,136,Regular,Low-Carb Diet
62,26.84,128,Vegan,Low-Carb Diet
78,24.9,134,Regular,Balanced Diet
87,27.46,149,Keto,Low-Carb Diet
54,18.25,176,Regular,Low-Carb Diet
69,24.74,190,Regular,Low-Carb Diet
63,18.61,81,Regular,Low-Carb Diet
57,21.72,59,Regular,Low-Carb Diet
97,37.42,108,Vegetarian,Balanced Diet
62,16.14,95,Keto,Balanced Diet
73,18.43,150,Regular,Low-Carb Diet
114,48.07,172,Keto,High-Protein Diet
83,23.48,81,Vegetarian,Balanced Diet
100,39.06,133,Keto,Low-Fat Diet
52,20.31,88,Vegan,Low-Carb Diet
107,27.85,193,Vegetarian,High-Protein Diet
104,28.51,88,Keto,High-Protein Diet
91,23.69,109,Vegan,Balanced Diet
70,21.6,182,Vegetarian,High-Protein Diet
59,18.21,130,Regular,Low-Fat Diet
106,40.39,75,Keto,High-Protein Diet
74,27.85,100,Vegetarian,Low-Fat Diet
105,26.78,117,Regular,Low-Carb Diet
87,23.12,151,Vegetarian,Low-Carb Diet
110,30.15,159,Keto,Low-Carb Diet
96,31.71,69,Keto,Low-Fat Diet
103,31.1,120,Regular,Low-Carb Diet
95,28.68,116,Keto,Low-Carb Diet
117,43.5,99,Regular,Low-Carb Diet
53,19.47,167,Regular,High-Protein Diet
115,30.87,65,Vegetarian,Low-Carb Diet
92,26.31,165,Vegetarian,Low-Fat Diet
111,46.2,138,Regular,High-Protein Diet
53,14.23,168,Regular,Low-Carb Diet
114,37.65,164,Regular,Balanced Diet
111,41.27,179,Regular,Low-Fat Diet
51,21.79,108,Keto,High-Protein Diet
58,24.78,90,Keto,Low-Carb Diet
106,33.08,111,Regular,Low-Fat Diet
94,28.07,133,Regular,High-Protein Diet
67,21.63,179,Keto,High-Protein Diet
97,29.94,56,Vegetarian,Low-Carb Diet
91,27.78,175,Regular,Low-Carb Diet
90,24.16,167,Vegan,High-Protein Diet
107,30.27,185,Regular,Low-Carb Diet
91,36.45,52,Regular,Balanced Diet
84,23.27,191,Regular,High-Protein Diet
87,35.3,136,Vegetarian,Balanced Diet
116,43.66,121,Regular,High-Protein Diet
90,27.17,82,Regular,Balanced Diet
99,33.46,60,Vegan,High-Protein Diet
94,32.53,146,Keto,High-Protein Diet
68,26.23,60,Keto,Low-Carb Diet
66,28.95,156,Regular,High-Protein Diet
114,43.44,67,Vegan,Balanced Diet
105,44.85,141,Vegan,High-Protein Diet
90,31.51,139,Regular,High-Protein Diet
91,22.98,143,Regular,Low-Carb Diet
55,14.17,158,Regular,Low-Fat Diet
118,44.41,123,Regular,Low-Carb Diet
89,27.78,52,Regular,Balanced Diet
90,28.41,81,Regular,Balanced Diet
58,23.53,85,Regular,Low-Carb Diet
57,21.99,187,Keto,Balanced Diet
93,25.76,164,Keto,High-Protein Diet
107,30.6,104,Regular,Balanced Diet
116,37.88,166,Keto,Balanced Diet
62,15.66,74,Vegan,Balanced Diet
68,29.82,57,Regular,Balanced Diet
98,27.43,102,Regular,Low-Fat Diet
79,29.73,59,Keto,Balanced Diet
115,47.87,127,Vegetarian,Low-Carb Diet
108,29.6,142,Vegetarian,Balanced Diet
102,28.55,178,Vegetarian,Balanced Diet
101,31.17,196,Vegetarian,Balanced Diet
80,29.03,69,Regular,Low-Fat Diet
64,21.14,97,Vegan,High-Protein Diet
69,21.06,121,Regular,Low-Carb Diet
54,20.83,107,Keto,Low-Fat Diet
56,14.28,87,Regular,Balanced Diet
67,25.53,137,Keto,Low-Carb Diet
105,37.2,56,Regular,Low-Fat Diet
94,25.24,69,Keto,Low-Fat Diet
77,19.84,75,Regular,Low-Carb Diet
99,32.7,138,Regular,Balanced Diet
51,15.74,133,Regular,Low-Carb Diet
117,33.82,105,Regular,Low-Carb Diet
73,24.11,111,Regular,Low-Fat Diet
97,35.63,177,Regular,Low-Fat Diet
94,26.88,85,Regular,Low-Carb Diet
107,29.03,69,Vegetarian,Low-Fat Diet
85,21.68,195,Regular,High-Protein Diet
51,17.24,76,Regular,Low-Carb Diet
67,25.22,182,Keto,Balanced Diet
98,40.79,144,Regular,Low-Carb Diet
57,18.83,90,Regular,High-Protein Diet
107,36.17,134,Vegan,Low-Carb Diet
64,17.36,101,Keto,High-Protein Diet
66,25.46,180,Regular,Balanced Diet
72,27.43,107,Vegan,High-Protein Diet
115,33.6,139,Regular,Balanced Diet
119,33.67,169,Vegetarian,Low-Carb Diet
76,22.69,90,Regular,Low-Carb Diet
86,35.8,82,Keto,Balanced Diet
98,28.02,87,Vegetarian,Low-Fat Diet
113,28.53,195,Regular,High-Protein Diet
83,23.24,98,Regular,Low-Fat Diet
67,27.18,110,Regular,Low-Fat Diet
113,45.84,65,Keto,Low-Carb Diet
93,26.04,134,Regular,Low-Carb Diet
66,19.93,93,Vegetarian,High-Protein Diet
108,32.25,80,Vegan,Low-Fat Diet
62,16.64,144,Regular,Low-Carb Diet
101,37.55,163,Regular,Balanced Diet
109,31.85,52,Regular,Balanced Diet
91,26.88,144,Vegan,Balanced Diet
113,29.72,187,Keto,Low-Carb Diet
115,39.33,106,Regular,Balanced Diet
83,28.06,150,Regular,High-Protein Diet
113,31.63,164,Vegan,Balanced Diet
82,21.79,55,Keto,Low-Carb Diet
61,20.86,191,Vegetarian,High-Protein Diet
68,28.67,181,Regular,Low-Carb Diet
58,17.9,88,Vegetarian,High-Protein Diet
66,25.15,103,Vegetarian,Balanced Diet
99,31.6,78,Regular,Balanced Diet
88,30.81,111,Keto,High-Protein Diet
90,27.17,185,Regular,High-Protein Diet
59,21.67,195,Regular,Balanced Diet
61,19.25,71,Vegan,Low-Carb Diet
64,21.63,195,Regular,Low-Fat Diet
77,25.73,160,Regular,Low-Fat Diet
53,15.83,97,Keto,Balanced Diet
85,34.93,179,Regular,Low-Fat Diet
114,32.6,75,Vegan,Low-Carb Diet
96,27.75,194,Keto,Low-Fat Diet
88,37.59,53,Regular,Low-Fat Diet
87,25.98,58,Regular,Balanced Diet
93,25.49,59,Regular,High-Protein Diet
100,34.2,118,Regular,Low-Fat Diet
75,31.62,98,Regular,Low-Carb Diet
85,21.46,89,Regular,Low-Fat Diet
118,32.35,68,Regular,Low-Fat Diet
50,16.9,86,Vegetarian,Balanced Diet
102,37.92,98,Regular,Balanced Diet
55,16.98,183,Keto,Low-Carb Diet
86,34.45,113,Vegetarian,High-Protein Diet
51,13.83,80,Vegetarian,Low-Fat Diet
118,38.97,102,Regular,High-Protein Diet
90,29.73,82,Regular,Balanced Diet
100,25.51,66,Regular,Low-Fat Diet
96,33.22,114,Regular,Low-Fat Diet
62,24.84,116,Regular,High-Protein Diet
118,30.41,137,Vegetarian,Low-Fat Diet
115,32.89,86,Keto,Balanced Diet
108,36.93,141,Vegan,Low-Fat Diet
117,31.74,76,Keto,High-Protein Diet
108,36.51,197,Regular,Low-Fat Diet
59,15.05,157,Regular,Low-Fat Diet
62,26.49,119,Vegetarian,Low-Fat Diet
51,16.1,159,Regular,Low-Carb Diet
64,23.8,170,Regular,Balanced Diet
95,42.22,155,Keto,High-Protein Diet
106,33.08,79,Regular,Balanced Diet
59,18.62,96,Keto,High-Protein Diet
71,24.86,99,Keto,Low-Carb Diet
57,17.21,77,Regular,Low-Fat Diet
70,19.39,80,Keto,Low-Fat Diet
71,19.06,97,Regular,Low-Carb Diet
94,27.47,109,Regular,Low-Carb Diet
89,30.44,96,Regular,Balanced Diet
71,27.05,178,Regular,Low-Fat Diet
79,32.46,168,Regular,Balanced Diet
111,45.03,149,Vegetarian,Low-Carb Diet
94,30.0,72,Regular,Low-Carb Diet
84,22.32,197,Regular,Low-Fat Diet
91,24.69,143,Vegetarian,Low-Fat Diet
54,21.63,138,Vegetarian,Low-Fat Diet
76,25.1,97,Keto,Balanced Diet
119,43.71,193,Regular,Low-Fat Diet
111,43.91,151,Regular,Low-Fat Diet
81,31.64,184,Regular,Low-Carb Diet
57,17.59,111,Regular,Balanced Diet
67,25.85,146,Regular,Low-Carb Diet
64,19.75,130,Keto,Low-Fat Diet
75,28.23,153,Regular,High-Protein Diet
102,27.38,53,Regular,Low-Fat Diet
93,28.39,62,Regular,Balanced Diet
81,20.45,75,Regular,Low-Carb Diet
77,27.94,190,Vegan,Balanced Diet
88,25.99,145,Vegetarian,Low-Fat Diet
81,36.0,189,Regular,Low-Carb Diet
67,21.15,169,Regular,Low-Fat Diet
119,50.84,134,Vegetarian,Low-Fat Diet
60,20.28,82,Regular,Low-Fat Diet
81,25.85,116,Vegetarian,Balanced Diet
69,25.34,56,Regular,Low-Carb Diet
89,34.34,56,Vegetarian,Balanced Diet
57,19.72,92,Regular,Low-Fat Diet
84,22.32,125,Vegetarian,Low-Carb Diet
118,42.82,165,Vegan,High-Protein Diet
70,19.6,158,Regular,Balanced Diet
73,27.82,115,Regular,Low-Carb Diet
66,20.15,153,Keto,Low-Carb Diet
67,19.37,192,Regular,Low-Carb Diet
61,15.4,93,Regular,Low-Fat Diet
65,24.17,150,Vegan,High-Protein Diet
53,20.45,189,Regular,Low-Fat Diet
83,21.17,183,Keto,Low-Fat Diet
95,35.32,172,Regular,Low-Fat Diet
80,23.89,149,Regular,High-Protein Diet
74,30.8,187,Keto,High-Protein Diet
73,26.49,129,Vegetarian,Low-Fat Diet
114,29.37,174,Regular,High-Protein Diet
74,18.88,89,Keto,Balanced Diet
77,26.96,136,Keto,Low-Carb Diet
85,34.05,109,Vegetarian,Balanced Diet
55,23.19,157,Regular,Low-Fat Diet
115,38.87,184,Vegan,High-Protein Diet
116,35.02,162,Keto,Low-Carb Diet
97,27.74,173,Regular,High-Protein Diet
119,44.79,63,Vegetarian,Low-Fat Diet
116,42.1,150,Vegetarian,Balanced Diet
97,34.37,179,Regular,Low-Carb Diet
114,34.42,86,Regular,High-Protein Diet
93,41.33,118,Regular,High-Protein Diet
112,42.68,151,Keto,High-Protein Diet
95,24.98,71,Keto,Low-Carb Diet
68,21.95,119,Vegetarian,Balanced Diet
113,47.03,94,Keto,Low-Fat Diet
99,41.21,56,Regular,Balanced Diet
112,33.81,54,Keto,High-Protein Diet
90,28.09,141,Regular,Low-Fat Diet
56,14.73,96,Vegetarian,Balanced Diet
58,17.13,136,Keto,Low-Fat Diet
53,17.92,115,Regular,Balanced Diet
98,38.76,198,Vegan,High-Protein Diet
55,19.49,170,Vegan,High-Protein Diet
70,22.34,115,Vegetarian,Balanced Diet
64,21.63,51,Regular,Low-Fat Diet
116,49.55,67,Vegetarian,Balanced Diet
115,40.26,95,Regular,Low-Fat Diet
105,37.2,58,Keto,Low-Carb Diet
117,32.07,191,Regular,High-Protein Diet
81,26.15,117,Vegetarian,Low-Fat Diet
115,34.34,89,Regular,Low-Carb Diet
78,33.32,199,Regular,Low-Fat Diet
115,32.89,64,Regular,Low-Fat Diet
83,34.11,113,Regular,Balanced Diet
76,19.58,194,Regular,Low-Carb Diet
109,44.79,175,Vegetarian,High-Protein Diet
88,22.22,96,Regular,Low-Fat Diet
93,30.37,143,Regular,Low-Carb Diet
85,27.76,99,Keto,Balanced Diet
68,24.09,158,Regular,High-Protein Diet
94,37.65,63,Keto,Low-Fat Diet
70,24.51,116,Regular,Balanced Diet
72,19.74,69,Vegetarian,Balanced Diet
76,20.19,72,Vegetarian,Low-Carb Diet
68,17.17,198,Regular,High-Protein Diet
90,33.06,182,Regular,Low-Fat Diet
75,27.22,101,Keto,Low-Fat Diet
77,26.33,71,Vegetarian,Balanced Diet
113,43.06,118,Keto,Low-Fat Diet
117,45.14,198,Keto,Low-Fat Diet
100,39.56,182,Regular,Low-Fat Diet
97,43.11,126,Vegetarian,High-Protein Diet
59,18.01,173,Regular,Low-Carb Diet
88,27.46,60,Regular,Low-Carb Diet
68,27.59,116,Regular,High-Protein Diet
113,39.1,117,Vegan,Balanced Diet
68,23.26,162,Regular,Low-Carb Diet
111,39.8,186,Regular,Low-Carb Diet
62,27.19,143,Keto,Low-Fat Diet
74,19.07,100,Regular,Low-Carb Diet
91,24.43,109,Vegetarian,High-Protein Diet
88,35.25,94,Keto,Low-Fat Diet
79,34.19,107,Regular,High-Protein Diet
54,17.63,125,Regular,Low-Carb Diet
67,23.18,98,Regular,Balanced Diet
70,21.85,190,Vegan,Low-Fat Diet
99,31.6,198,Regular,High-Protein Diet
55,16.07,70,Keto,Balanced Diet
99,32.33,118,Regular,High-Protein Diet
115,34.34,130,Regular,High-Protein Diet
50,20.28,104,Vegetarian,High-Protein Diet
106,41.93,134,Regular,Balanced Diet
79,20.36,65,Keto,Balanced Diet
107,29.03,199,Vegetarian,Low-Fat Diet
101,25.5,136,Vegetarian,Low-Carb Diet
86,32.37,197,Vegetarian,High-Protein Diet
97,27.15,177,Regular,Low-Fat Diet
50,18.59,121,Regular,Low-Fat Diet
68,24.68,95,Keto,High-Protein Diet
95,34.06,98,Regular,Low-Fat Diet
116,35.41,154,Vegan,High-Protein Diet
51,14.58,151,Regular,High-Protein Diet
105,35.49,115,Regular,High-Protein Diet
66,17.36,111,Regular,Balanced Diet
71,24.0,169,Regular,Low-Fat Diet
76,22.45,170,Vegetarian,Low-Carb Diet
104,29.43,62,Regular,Balanced Diet
81,30.12,59,Vegetarian,Balanced Diet
109,36.42,107,Regular,Low-Fat Diet
77,24.58,74,Regular,Low-Fat Diet
77,28.28,120,Keto,Balanced Diet
74,27.18,173,Vegan,High-Protein Diet
75,21.0,111,Vegetarian,High-Protein Diet
66,18.67,110,Vegetarian,Balanced Diet
56,23.31,76,Regular,Low-Carb Diet
105,46.05,101,Regular,Balanced Diet
113,43.06,92,Regular,Balanced Diet
69,18.52,77,Regular,Balanced Diet
87,22.65,70,Vegetarian,Low-Fat Diet
107,42.86,134,Regular,Balanced Diet
65,19.41,96,Regular,Balanced Diet
100,36.29,76,Keto,Balanced Diet
76,24.54,64,Regular,Balanced Diet
100,31.56,54,Regular,Low-Fat Diet
65,18.79,113,Regular,High-Protein Diet
109,29.57,66,Regular,Balanced Diet
89,30.44,185,Regular,Low-Carb Diet
116,38.76,106,Vegan,High-Protein Diet
51,20.96,106,Vegetarian,High-Protein Diet
97,28.96,97,Vegetarian,High-Protein Diet
101,26.02,137,Keto,Low-Fat Diet
73,28.16,177,Keto,Low-Fat Diet
51,17.24,195,Keto,Low-Carb Diet
114,42.39,91,Vegetarian,Low-Carb Diet
69,20.83,103,Vegan,High-Protein Diet
83,31.63,193,Regular,High-Protein Diet
90,30.42,134,Regular,High-Protein Diet
90,25.74,194,Keto,Balanced Diet
72,21.98,82,Keto,Balanced Diet
87,23.12,188,Regular,Balanced Diet
93,23.48,124,Vegetarian,Balanced Diet
116,34.26,77,Keto,High-Protein Diet
111,49.33,156,Regular,Low-Carb Diet
61,15.88,127,Regular,Low-Carb Diet
79,20.99,164,Vegetarian,Low-Fat Diet
114,48.07,134,Vegetarian,Low-Fat Diet
90,34.29,140,Vegetarian,Low-Carb Diet
69,29.09,147,Regular,Low-Carb Diet
55,16.79,57,Regular,Low-Fat Diet
53,18.34,92,Vegetarian,Low-Fat Diet
59,19.71,82,Vegetarian,Low-Fat Diet
100,35.86,104,Regular,Low-Fat Diet
87,30.1,107,Keto,High-Protein Diet
50,19.78,70,Regular,Low-Fat Diet
57,19.05,100,Keto,Balanced Diet
112,31.35,65,Keto,Low-Fat Diet
82,21.35,117,Keto,Low-Fat Diet
64,22.15,138,Regular,Low-Fat Diet
80,26.42,118,Regular,Balanced Diet
70,23.66,196,Regular,Balanced Diet
52,17.78,156,Keto,High-Protein Diet
115,49.13,119,Regular,High-Protein Diet
84,25.08,79,Vegetarian,High-Protein Diet
90,37.46,77,Regular,High-Protein Diet
108,34.47,62,Vegetarian,High-Protein Diet
65,20.06,116,Vegetarian,Balanced Diet
105,31.01,113,Regular,Balanced Diet
94,26.6,107,Regular,High-Protein Diet
108,29.6,117,Regular,Low-Carb Diet
99,33.46,59,Vegetarian,Low-Carb Diet
61,25.39,119,Keto,Low-Carb Diet
61,22.41,50,Regular,Low-Carb Diet
82,35.96,50,Keto,Low-Fat Diet
98,32.74,184,Vegan,Low-Carb Diet
